Name,Original Entry Timestamp,Verified Timestamp,Description,Services,Phone Numbers,State,City,Location
UNKNOWN,,2021-04-30 09:39:12.320,"Guntur Covid fighter's team:  not verified: 8143222456, 9397602553, 9010615786, 9493314786, 7396722171 They assist in cremations and not in beds",Hospital Beds,"['+919848940304', '+918143222456', '+919397602553', '+919010615786', '+919493314786', '+917396722171']",Andhra Pradesh,,
UNKNOWN,,2021-05-09 11:33:18.910,"not verified : 8712912987, 9989153803, 9849122274 dfdfd No stock with the person",Oxygen,"['+918712912987', '+918712912987', '+919989153803', '+919849122274']",Andhra Pradesh,,
Vinay,,2021-05-01 13:41:13.368,  possibly available on 02/05/21,Oxygen,['+919350068204'],Andhra Pradesh,,
Rafi,,2021-04-29 04:41:02.176,"chinna waltair, vizag, landmark: near reliance fresh ",Oxygen,['+919966012368'],Andhra Pradesh,,
Mylan helpline,,2021-04-30 14:28:27.925,All India Helpline for Remdesvir   ; Medicine name: Remdesivir,Medicine,['+917829980066'],Andhra Pradesh,,
Sanjay Sarkar,,2021-04-30 10:16:57.708,  ,Oxygen,['+918809989999'],Bihar,,
Sanjha Chulha,,2021-04-29 11:11:01.494,"Verified Location: Raigarh, Chattisgarh",Food,['+918223950000'],Chhattisgarh,,
Sahu Tiffin Services,,2021-04-29 11:10:08.628,"Verified  Location: Raigarh, Chattisgarh",Food,['+919770177261'],Chhattisgarh,,
Vijay Jadwani,,2021-04-29 11:12:28.117,"Tab Fabiflu , Tab Methylprednisolone.  Tab Fabiflu , Tab Methylprednisolone. Location: Raigarh, Chattisgarh",Medicine,['+919826133033'],Chhattisgarh,,
नवीन चेतवानी,,2021-04-29 10:48:17.050,"  Location: Raigarh, Chattisgarh",Oxygen,['+917582820202'],Chhattisgarh,,
नदंन अग्रवाल,,2021-04-29 11:25:20.235,"  Location: Raigarh, Chattisgarh",Oxygen,['+917974264662'],Chhattisgarh,,
Vijay Beriwal,,2021-04-29 10:49:37.045,"  Location: Raigarh, Chattisgarh",Oxygen,['+917999856661'],Chhattisgarh,,
मनीष उदासी,,2021-04-29 10:53:11.386,"  Oxygen cylinder and oxygen concentrators available. Location: Raigarh, Chattisgarh",Oxygen,['+919425572495'],Chhattisgarh,,
Gopal Prasad Agrawal,,2021-04-29 12:41:03.185,"  Location: Raigarh, Chattisgarh",Oxygen,['+919589201010'],Chhattisgarh,,
Manish Rodha ,,2021-04-30 09:46:33.224,"Location: Raigarh, Chattisgarh Sindhi Colony, Raigarh. Working",Oxygen,['+919826408111'],Chhattisgarh,,
तलरेजा (जान प्लेयर ),,2021-04-30 09:44:51.057,   yes working fine. has had 5 calls already for verification Location: Raigarh. Has a team with helping,Oxygen,['+919827119444'],Chhattisgarh,,
चंदर् कांत पजंबी,,2021-04-30 09:34:06.575,"   Raigad, Chattisgarh, working 24/7",Oxygen,['+919827153700'],Chhattisgarh,,
Oxygen Cylinder,,2021-04-30 10:38:40.359,Bilaspur  Very limited supply.,Oxygen,['+919827180896'],Chhattisgarh,,
Lupin Gases Pvt. Ltd.,,2021-04-23 22:23:52.000,Raipur,Oxygen,['+919893600003'],Chhattisgarh,,
Ricky Chawla,,2021-05-01 09:39:47.489,"  Message he sent  So sorry not recv ur call ...aapsab ka kaam hi kar rahe hum log.. Send me what's up .. All detail patient name age oxygen level ki pic  .. address, number.. Aapka msg oxygen group mai kiya jayga jiske pass bhi oxygen machine ya salendar hoga aapko call aajaygaa",Oxygen,['+919993455551'],Chhattisgarh,,
प्रिया अनुराग गोयल,,2021-04-23 11:17:02.180,,Blood / Plasma,,Chhattisgarh,,
शिवम् अग्रवाल,,2021-04-28 11:35:46.918,,Blood / Plasma,,Chhattisgarh,,
राज आदित्य,,2021-04-28 11:36:41.613,,Blood / Plasma,,Chhattisgarh,,
श्रीमती ज्योति अग्रवाल,,2021-04-29 12:40:15.031,"  Location: Raipur, Chattisgarh",Blood / Plasma,['+919827242084'],Chhattisgarh,,
Bara Hindurao Hospital,,2021-04-30 18:45:09.698,   Out of beds @ 1910 hrs 29/4/21 Out of beds,Hospital Beds,['+911123905839'],Delhi,,
Sardar Patel Hospital,,2021-04-30 14:28:56.571,Add 011 before calling.  ,Hospital Beds,['+911126655959'],Delhi,,
Satyawati Harishchand,,2021-05-01 07:31:24.483,"01127787008, 01127781044, 01127781045, 01127781046  ",Hospital Beds,"['+911127781047', '+911127787008', '+911127781044', '+911127781045', '+911127781046']",Delhi,,
Lok Nayak Hospital,,2021-05-01 13:44:34.942,  invalid number as of 1/05/21,Hospital Beds,['+911123236000'],Delhi,,
Ram Manohar Lohia Hospital,,2021-05-06 08:12:08.247,   ,Hospital Beds,['+911123365525'],Delhi,,
Northern Railway,,2021-05-06 08:12:12.602,  invalid number as of 1/05/21 ,Hospital Beds,['+911123747984'],Delhi,,
"St. Stephens Hospital, Tis Hazari",,2021-04-27 00:03:15.549,,Hospital Beds,,Delhi,,
Deen Dayal Upadhyay Hospital,,2021-04-27 15:30:27.473,,Hospital Beds,,Delhi,,
"Jeewan Moti Khera Hospital, Nangloi",,2021-04-27 15:31:08.579,,Hospital Beds,,Delhi,,
Max East/West Block,,2021-04-29 13:42:36.883,   out of beds at 1910 hrs 29/4/21,Hospital Beds,['+911126515050'],Delhi,,
Safdarjung Hospital,,2021-04-28 06:19:43.193,,Hospital Beds,,Delhi,,
"AIIMS, Trauma Delhi",,2021-04-30 14:28:53.170,   ,Hospital Beds,['+911126731109'],Delhi,,
ESIC Hospital Okhla,,2021-04-24 03:46:14.000,,Hospital Beds,,Delhi,,
Dr Baba Saheb Ambedkar Hospital,,2021-04-30 14:29:07.159,"  Full, no beds available.  ",Hospital Beds,['+911127049963'],Delhi,,
"Max Smart Gujarmal Modi hospital ,Saket",,2021-04-24 03:46:14.000,,Hospital Beds,,Delhi,,
City Max Hospital,,2021-04-27 15:15:33.915,Para Ring Road,Hospital Beds,['+916392678013'],Delhi,,
"Venkateshwar Hospital, Dwarka",,2021-04-24 03:46:14.000,,Hospital Beds,,Delhi,,
Priyanshu Mishra,,2021-05-08 06:24:15.365,Need doctor consultation for covid patient. ,Hospital Beds,['+918076926300'],Delhi,,
Ankerite Ayurvedic,,2021-04-22 14:42:54.979,"Village Paravar Purab, Sausir Khera, Mohanlalganj, Uttar Pradesh 226301, India",Hospital Beds,['+918400700188'],Delhi,,
"HAHC Hospital, Hamdard Nagar",,2021-04-24 03:46:14.000,,Hospital Beds,,Delhi,,
Rajeev Gandhi Super Speciality Hospital,,2021-04-30 14:29:01.876,"01122890789, 01122890611, 8595524745 Out of beds ",Hospital Beds,"['+918595524745', '+911122890789', '+911122890611', '+918595524745']",Delhi,,
GTB Hospital,,2021-04-27 19:01:54.655,,Hospital Beds,,Delhi,,
Gaurav Garg ,,2021-04-26 10:02:28.797,,Hospital Beds,,Delhi,,
Sanjeevani Medical Center,,2021-04-22 14:42:54.979,"10, Kursi Rd, Phool Bagh Colony, Lucknow, Uttar Pradesh 226012, India",Hospital Beds,['+918840466030'],Delhi,,
Khandelwal Hospital And Urology Center,,2021-04-24 03:46:14.000,,Hospital Beds,,Delhi,,
Ambedkar hospital,,2021-05-04 11:10:48.257,"need spo2 more than 85 to be admitted, no info on number of beds yet Number is switched off at 1830 hrs 29/4/21 Switched off  Icu beds not available",Hospital Beds,['+919310586617'],Delhi,,
Ajanta,,2021-04-22 14:42:54.979,"ABC Complex, 765, Kanpur - Lucknow Rd, Alambagh, Lucknow, Uttar Pradesh 226005, India",Hospital Beds,['+919335473241'],Delhi,,
Shailendra Kumar,,2021-04-27 04:55:19.054,Need an ICU Bed urgently. Spo2 level has dipped to 60,Hospital Beds,['+919386346913'],Delhi,,
Maa Chandrika Hostpital,,2021-05-06 08:12:17.459,"Bargadi, Bakshi Ka Talab, Lucknow, Uttar Pradesh 226016, India Switched off ",Hospital Beds,['+919415020266'],Delhi,,
Sri Sai Life Hospital,,2021-04-22 14:42:54.979,Mohanlalganj,Hospital Beds,['+919450407843'],Delhi,,
AIIMS Jhajjar,,2021-04-24 03:46:14.000,,Hospital Beds,,Delhi,,
,,2021-04-24 03:46:14.000,,Hospital Beds,,Delhi,,
Tulsi Multispeciality Hospital & Critical Care Unit,,2021-04-24 03:46:14.000,,Hospital Beds,,Delhi,,
VENTILATORS AT HOME,,2021-04-22 14:42:54.979,,Hospital Beds,,Delhi,,
Acharyashree Bhikshu Govt. Hospital,,2021-04-24 03:46:14.000,,Hospital Beds,,Delhi,,
"Holy Family Hospital, Okhla",,2021-04-24 03:46:14.000,,Hospital Beds,,Delhi,,
Pushpawati Singhania Hospital,,2021-04-24 03:46:14.000,,Hospital Beds,,Delhi,,
"Surya Hospital, Krishna Nagar",,2021-04-24 03:46:14.000,,Hospital Beds,,Delhi,,
"Maharaja Agarsain Multispecialty Hospital, Narela",,2021-05-01 13:48:08.821,  unavailable as of 1/03/21,Hospital Beds,['+919891654929'],Delhi,,
Maharaja Agrasen Hospital,,2021-05-08 06:24:21.843,   ,Hospital Beds,['+919910489495'],Delhi,,
Vinayak Trauma Center,,2021-04-27 16:42:32.564,"Alambagh ring road, Buddheshwar Chauraha, opp. flyover, Lucknow, Uttar Pradesh 226017, India",Hospital Beds,['+919919604383'],Delhi,,
"Sri Balaji Action Medical Inst., Paschim Vihar",,2021-05-08 06:24:29.534,   ,Hospital Beds,['+919999174129'],Delhi,,
K K Surgical & Maternity Centre,,2021-05-08 06:24:26.187,  switched off as of 1/05/21 ,Hospital Beds,['+919999577020'],Delhi,,
Tiffin Services,,2021-05-01 07:05:39.532,"@Rs. 3 Per plate - Preet Vihar, Swasthya Vihar, Chitra Vihar, GURUANGAD NAGAR, Gujrat Vihar, Shankar Vihar, Rajdhani Enclave ",Food,['+917290896969'],Delhi,,
Namita (Tilak Nagar),,2021-04-27 15:34:49.695,,Food,,Delhi,,
Shubham Chawla,,2021-05-01 07:07:43.776,west n south delhi ,Food,['+918146767455'],Delhi,,
Mrs. Ragini Malhotra ,,2021-05-01 07:07:51.140,Faridabad ,Food,['+918178035411'],Delhi,,
St. Mary's Caterers Tiffin Service,,2021-05-01 07:07:55.487,East Delhi ,Food,['+918178853638'],Delhi,,
Smriti Murarka,,2021-05-01 07:06:59.610,Gurgaon: South City 1   ,Food,['+918297071234'],Delhi,,
Anuj Chugh,,2021-04-27 15:39:22.967,west n south delhi,Food,['+918527560567'],Delhi,,
Srishti Sensarma ,,2021-04-23 23:21:55.960,CR Park/Delhi NCR,Food,['+918586985336'],Delhi,,
Manju Sarma,,2021-04-27 15:40:16.647,,Food,,Delhi,,
PRAGYAA,,2021-04-23 23:21:55.960,FARIDABAD,Food,['+918595891126'],Delhi,,
ANITA,,2021-04-27 15:41:51.560,LAJPAT NAGAR,Food,['+918792257463'],Delhi,,
Prerna,,2021-04-27 15:43:01.144,Gurgaon: South City 1,Food,['+918800024155'],Delhi,,
MOTHER HOUSE WORLD,,2021-04-23 23:21:55.960,ALL OF SOUTH DELHI,Food,['+918920625454'],Delhi,,
Ahuja Residencies,,2021-04-22 14:42:54.979,Gurugram,Food,['+919205992345'],Delhi,,
TANMAY VERMA,,2021-04-23 23:21:55.960,EAST DELHI,Food,['+919310124645'],Delhi,,
Tasty Tiffin,,2021-05-01 07:07:10.726,West Delhi ,Food,['+919311851321'],Delhi,,
THE HOUSE OF KITCHENS,,2021-04-22 14:42:54.979,NAMRATA (WEST DELHI),Food,['+919313327121'],Delhi,,
Shradha Saraf,,2021-04-27 15:48:05.079,Gurgaon: All Over,Food,['+919319273567'],Delhi,,
Ruchi Chadha,,2021-04-23 23:21:55.960,Delhi,Food,['+919320407074'],Delhi,,
BHARTIYA BHOJAN COMPANY,,2021-04-27 15:49:46.445,All over Delhi NCR,Food,['+919354807919'],Delhi,,
THE HOUSE OF KITCHENS,,2021-04-22 14:42:54.979,"KalkaJi (KUSHA), TWINKLE:  9810084988",Food,"['+919582555032', '+919810084988']",Delhi,,
BATMAN TIFFIN SERVICE,,2021-04-23 23:21:55.960,NORTH DELHI,Food,['+919582754430'],Delhi,,
Anuradha Chandra,,2021-04-27 16:07:17.386,Gurgaon Sector 69,Food,['+919650935551'],Delhi,,
SAVOURY AND SAGE,,2021-04-27 15:52:25.125,All over Delhi NCR,Food,['+919654562471'],Delhi,,
Rajesh,,2021-04-27 15:53:36.236,"Noida sector 18, Gurudwara",Food,['+919654714986'],Delhi,,
Prabhjot Kaur ,,2021-04-27 16:33:21.560,"Gurgaon Sector 69, 70, Sohna Road",Food,['+919654876385'],Delhi,,
Mona,,2021-04-27 15:58:28.395,"Paschim Vihar, Delhi",Food,['+919711167475'],Delhi,,
TUMMYFUL TIFFIN ,,2021-05-01 07:05:54.548,All over Delhi NCR ,Food,['+919711150463'],Delhi,,
Sheetal Midha ,,2021-04-27 15:59:16.857,"Gurgaon DLF Phase 1,2,3",Food,['+919717484071'],Delhi,,
SOUMYA,,2021-04-23 23:21:55.960,GURGAON,Food,['+919717741360'],Delhi,,
DELHI TIFFINS,,2021-05-01 07:12:52.091,JANAKPURI ,Food,['+919718029639'],Delhi,,
Preet Kaur,,2021-05-01 07:52:44.127,"WhatsApp this number. Please don't call. They provide breakfast, lunch and dinner (vegetarian meals) for free in Delhi NCR.",Food,['+919810061306'],Delhi,,
Twinkle,,2021-04-23 23:21:55.960,Kalkaji,Food,['+919810084988'],Delhi,,
REHSMA'S KITCHEN,,2021-04-23 23:21:55.960,VASANT KUNJ,Food,['+919810229022'],Delhi,,
RAVINDER SINGH,,2021-04-23 23:21:55.960,RAJOURI GARDEN,Food,['+919810275525'],Delhi,,
Manisha's Kitchen ,,2021-05-01 07:05:59.977,"9717734284, Noida, Indrapuram, Vaishali and Vasundhra ",Food,"['+919810346672', '+919717734284']",Delhi,,
Bimbita Aggarwal,,2021-04-27 16:12:29.139,"Sarvodaya Enclave, Adhchini",Food,['+919810367679'],Delhi,,
MUMMY'S KITCHEN,,2021-04-23 23:21:55.960,LAJPAT NAGAR,Food,['+919810462091'],Delhi,,
Tulika's Kitchen,,2021-04-23 23:21:55.960,Ghaziabad and Indirapuram,Food,['+919810710272'],Delhi,,
SHIPRA,,2021-04-23 23:21:55.960,"LAJPAT, NAGAR",Food,['+919810774958'],Delhi,,
Neha Singh ,,2021-04-23 23:21:55.960,"Gurgaon, Sohna Road",Food,['+919810861623'],Delhi,,
Mehak Khullar,,2021-04-23 23:21:55.960,South Delhi,Food,['+919811181271'],Delhi,,
Rashmi Chandra,,2021-04-23 23:21:55.960,Gurgaon,Food,['+919811201254'],Delhi,,
RITU ,,2021-04-23 23:21:55.960,PRASHANT VIHAR,Food,['+919818254051'],Delhi,,
Manisha's kitchen,,2021-04-23 23:21:55.960,Sarita Vihar And Jasola,Food,['+919818643182'],Delhi,,
THE HOUSE OF KITCHENS,,2021-04-22 14:42:54.979,RAKHI (GK2),Food,['+919818643430'],Delhi,,
NIL,,2021-04-23 23:21:55.960,Noida,Food,['+919870509172'],Delhi,,
Swati Sharad ,,2021-04-23 23:21:55.960,"Gurgaon DLF Phase 1,2,3,4,5",Food,['+919871225514'],Delhi,,
"Roopali Malhotra, Rajat",,2021-04-23 23:21:55.960,"East Delhi, Noida, Ghaziabad",Food,['+919871323372'],Delhi,,
PRABHJOT KAUR,,2021-04-23 23:21:55.960,RAJOURI GARDEN,Food,['+919871559925'],Delhi,,
Ruby,,2021-04-23 23:21:55.960,East Delhi,Food,['+919873939959'],Delhi,,
Ashwani Shroff ,,2021-04-23 23:21:55.960,ALL OVER DELHI,Food,['+919899009779'],Delhi,,
Ashok Batra,,2021-04-22 14:42:54.979,,Food,,Delhi,,
Richa Milan ,,2021-04-23 23:21:55.960,"Gurgaon , Sohna Road Sector 49-56",Food,['+919910110739'],Delhi,,
VINUM GUPTA,,2021-04-23 23:21:55.960,GURGAON,Food,['+919910274260'],Delhi,,
Ruchi ,,2021-04-22 14:42:54.979,"Around New friends Colony, Delhi",Food,['+919910523717'],Delhi,,
NIL,,2021-04-23 23:21:55.960,Noida,Food,['+919911059317'],Delhi,,
MARWADI KHANNA,,2021-04-23 23:21:55.960,GURGAON,Food,['+919958983606'],Delhi,,
Harneet Kaur ,,2021-04-23 23:21:55.960,Lajpat Nagar,Food,['+919971654051'],Delhi,,
SNIGDHA,,2021-04-27 17:08:26.057,"GULMOHAR PARK, HAUZ KHAS, GREEN PARK",Food,['+919971767771'],Delhi,,
Sabhyata,,2021-04-23 23:21:55.960,Greater Noida,Food,['+919971793293'],Delhi,,
Covifeed (Simmi Malhotra),,2021-04-27 16:52:33.065,Delhi,Food,['+919971886733'],Delhi,,
KRISHNA TIFFIN SERVICE,,2021-04-23 23:21:55.960,ROHINI & PITAMPURA,Food,['+919990569633'],Delhi,,
Leina,,2021-04-27 16:44:27.203,Gurgaon: All Over,Food,['+919999208992'],Delhi,,
Mrinali,,2021-04-23 23:21:55.960,Panchsheel Park,Food,['+919999215777'],Delhi,,
DELIVERY KITCHEN,,2021-04-23 23:21:55.960,All over Delhi NCR,Food,['+919999298091'],Delhi,,
Kaveri,,2021-04-23 23:21:55.960,Dwarka,Food,['+919999356846'],Delhi,,
RENU ANEJA,,2021-04-23 23:21:55.960,NORTH DELHI,Food,['+919999861511'],Delhi,,
Asheesh,,2021-04-23 23:21:55.960,Noida,Food,['+919999910097'],Delhi,,
Seema,,2021-04-23 23:21:55.960,Faridabad,Food,['+919999968305'],Delhi,,
Rituparna Borah,,2021-04-27 16:15:24.039,Delhi,Food,['+919999977272'],Delhi,,
Savitri ngr medical store,,2021-05-07 19:38:12.430,fabi flu,Medicine,['+919711362823'],Delhi,,
Deepak Oxygen Cylinders,,2021-05-21 09:18:13.988,They ship oxygen cylinders to all over Delhi from Chandigarh. Same day or next day delivery. ,Oxygen,['+916284206031'],Delhi,,
Simranjeet Saluja,,2021-05-01 07:23:34.862,Oxygen concentrators are available on pre-booking. New stock comes on May 8. Price: 1.35 lacs,Oxygen,['+917008139137'],Delhi,,
Prashant Oxygen Cylinder,,2021-05-08 08:37:33.056,"Noida Sector 45 Not picking up Oxygen concentrator available, but can supply only in limited quantity.",Oxygen,['+917011974341'],Delhi,,
Oxygen,,2021-05-08 08:40:01.304,New Delhi railway station gate no. 1 Not responsive Supply available.,Oxygen,['+917011980895'],Delhi,,
Chirag Bajaj,,2021-04-30 09:54:51.494,"Oxygen concentrators are available from 11 PM tonight (April 28). 9 liters will cost 1,05,000. Working, can call ",Oxygen,['+917021400602'],Delhi,,
Nikhil/Rishabh,,2021-04-30 09:57:25.988,Provides oxygen concentrators. Charges 1.3 lacs for 7-liter oxygen capacity. A friend bought it from this vendor on April 30 at 1 AM. Called and verified availability today (April 30) at 10:25 AM. concentrators available,Oxygen,['+917289060005'],Delhi,,
Kishore (Oxygen),,2021-05-21 09:53:51.840,Delhi Not answering Refill available.,Oxygen,['+917503414365'],Delhi,,
VIjay Sharma,,2021-04-30 10:14:22.797,"  This person delivers Oxygen cans to anyonr who lives within Delhi.  Delivery all over Delhi, Oxygen cans available",Oxygen,['+917678645199'],Delhi,,
Deep Kumar (Gurugram),,2021-04-23 11:53:48.841,,Oxygen,,Delhi,,
Ambika Surgicare,,2021-05-03 06:50:17.800,Dwarka  ,Oxygen,['+917947210671'],Delhi,,
Oxygen Concentrators,,2021-04-28 05:32:57.274,Delhi,Oxygen,['+918076299434'],Delhi,,
Sanjay,,2021-04-23 22:23:52.000,"Naraina Vihar, Phase-1",Oxygen,['+918076915650'],Delhi,,
Abhishek,,2021-04-23 23:22:53.000,"Delivers across Delhi, has 2-3 cylinders left. Delivery charge per cylinder is 500 rupees",Oxygen,['+918268588959'],Delhi,,
Neeraj,,2021-04-26 08:43:38.438,oxygen cylinder,Oxygen,['+918287777534'],Delhi,,Faridabad
Aditya Chahan,,2021-04-23 23:22:53.000,oxygen refill only,Oxygen,['+918447415165'],Delhi,,
Oxygen Cylinder,,2021-04-29 10:02:39.446,Delhi Not available at present.,Oxygen,['+918527030981'],Delhi,,
Ritik ,,2021-04-26 08:45:34.466,,Oxygen,,Delhi,,
Oxygen Cylinder,,2021-04-29 10:47:40.319,Kalka ji ,Oxygen,"['+918595847136', '+919810835861', '+919971886644', '+919818383338', '+911126449020']",Delhi,,
Satyam Gases ,,2021-04-26 10:04:18.923,Gurugram,Oxygen,['+918700044612'],Delhi,,
Bunty,,2021-04-29 10:10:39.866,"Pitampura Oxygen concentrators available from today afternoon. Agrawal city mall, Pitampura",Oxygen,['+918700771149'],Delhi,,
abhishek,,2021-04-23 22:23:52.000,Ballabhgarh (Faridabad),Oxygen,['+918708213298'],Delhi,,
sukhvinder singh,,2021-04-23 22:23:52.000,,Oxygen,['+918743014143'],Delhi,,
,,2021-04-23 23:22:53.000,refill,Oxygen,['+918745917001'],Delhi,,
Cylinder & Cans,,2021-04-29 10:13:00.022,"  Oxygeb cylinder maybe available from tonight. Location: Shahdra, Delhi",Oxygen,['+918750829088'],Delhi,,
Sardar Patel center ,,2021-05-05 06:06:25.114,You must have +ve report of Covid. Oxygen level ›= 88 You must have Adhaar Card. ,Oxygen,['+918800497000'],Delhi,,
portable cans,,2021-04-22 14:42:54.979,(12ltr -300 puffs),Oxygen,['+918810311034'],Delhi,,
oxygen cylinder,,2021-04-23 22:23:52.000,Kalkanji,Oxygen,['+918826513407'],Delhi,,
jas angad singh,,2021-04-23 22:23:52.000,,Oxygen,['+918860160001'],Delhi,,
Brig. Premjit Singh,,2021-04-23 23:22:53.000,"If spo2 is less than 83, whatsapp only",Oxygen,['+918860328112'],Delhi,,
Gaurav,,2021-04-23 23:22:53.000,empty cylinder,Oxygen,['+918860383713'],Delhi,,
Air care oxygen store,,2021-04-23 22:23:52.000,North Delhi,Oxygen,"['+918860507476', '+919871179853']",Delhi,,
ROHIT,,2021-04-27 15:34:33.107,,Oxygen,,Delhi,,
Delhi,,2021-04-23 22:23:52.000,"40 ft road, Jasola, Shaheen bath",Oxygen,['+918882264290'],Delhi,,
Oxygen Concentrators,,2021-04-23 22:23:52.000,Delhi,Oxygen,['+919007090388'],Delhi,,
,,2021-04-23 23:22:53.000,free refill available,Oxygen,['+919013525539'],Delhi,,Moti Mahal Daryaganj near Masjid
Supplier,,2021-04-29 10:25:54.105,  Oxygen concentrator supplier. Expecting supply only May 5th. Location:Jhilmil industrial area.,Oxygen,['+919015622382'],Delhi,,
,,2021-04-23 23:22:53.000,oxygen refill only,Oxygen,['+919097041313'],Delhi,,"Kirti nagar, indirapuram"
Khalsa Help International,,2021-05-01 05:55:03.009,"Patients can go to the Gurudwara in their cars, and the NGO will provide oxygen at the venue. The number mentioned above is their helpline number. ",Oxygen,['+919097413313'],Delhi,,
Khalsa Aid,,2021-05-09 04:45:37.630,"This is their official support. For oxygen concentrators, you must fill this form: https://forms.gle/cJF9DRha2YAhTDsLA  ",Oxygen,['+919115609005'],Delhi,,
Manoj- refill,,2021-04-23 22:23:52.000,"metro pillar no. 690, Uttam Nagar west",Oxygen,['+919136219936'],Delhi,,
oxygen cylinders,,2021-04-23 22:23:52.000,Dwarka,Oxygen,['+919149308570'],Delhi,,
Ravinder Billu,,2021-04-23 22:23:52.000,Kanjhawala Industrial Area,Oxygen,['+919212235075'],Delhi,,
Nanak Pio Gurudwaraa,,2021-04-23 22:23:52.000,Delhi,Oxygen,['+919212277704'],Delhi,,
,,2021-04-23 23:22:53.000,,Oxygen,['+919212504786'],Delhi,,Delhi
Refill ,,2021-04-26 10:08:11.713,,Oxygen,,Delhi,,
Cylinders ,,2021-04-26 10:01:12.309,,Oxygen,,Delhi,,
,,2021-04-23 23:22:53.000,concentrator,Oxygen,['+919315137189'],Delhi,,
Arvind Jain,,2021-05-01 07:59:40.004,Oxygen cylinders in Delhi,Oxygen,['+919315686858'],Delhi,,
sewa bharti,,2021-04-23 22:23:52.000,ashok vihar,Oxygen,['+919319094933'],Delhi,,
Naresh Gupta,,2021-04-23 22:23:52.000,Mundka,Oxygen,['+919350232667'],Delhi,,
Oxygen concentrator,,2021-04-23 22:23:52.000,"Plot no. 20&21, khasra no. 7/14, opposite metro pillar no. 818, Hari Vihar, Kakrola, Dwarka",Oxygen,['+919518683163'],Delhi,,
oxygen refilling,,2021-04-23 22:23:52.000,Delhi,Oxygen,['+919540787937'],Delhi,,
Anonymous,,2021-04-25 14:06:39.000,mobile is switched off due to high demand... kindly whatsapp,Oxygen,['+919540803880'],Delhi,,
OxygenCylinder,,2021-04-26 10:08:34.972,,Oxygen,,Delhi,,
Oxygen concentrator,,2021-04-23 22:23:52.000,,Oxygen,['+919557559409'],Delhi,,
Oxygen Cylinder,,2021-04-23 22:23:52.000,Janakpuri,Oxygen,['+919560330232'],Delhi,,
Santosh,,2021-04-23 22:23:52.000,Delhi,Oxygen,['+919560364696'],Delhi,,
Little India Foundation (5-6 hours waiting),,2021-04-23 22:23:52.000,South Delhi,Oxygen,['+919560688867'],Delhi,,
Pearl- refills,,2021-04-23 22:23:52.000,,Oxygen,['+919582392233'],Delhi,,
Inderjeet Oxygen,,2021-05-03 06:51:52.206,abhi out of stock hai ...kal wapis restock ho jayegi ,Oxygen,['+919599450350'],Delhi,,
NK Healthtech international,,2021-04-23 22:23:52.000,,Oxygen,['+919628831824'],Delhi,,
Hum Tum Enterprises,,2021-04-30 10:00:54.395,They provide oxygen concentrators. Oxygen concentrators available -->  PRODUCT AVAILABLE FOR PICKUP ON 1st MAY NOON.  DELIVERY AVAILABLE ON 1st MAY LATE EVENING OR THE NEXT DAY NOON.  TERMS  Pickup 20% advance from Jasola Delhi.  Home Delivery 50% the advance. NO COD  -- would you wish to proceed further!!                                              COST- 1-7 Litres ADJUSTABLE-50K                                                                                                                                                                                     10 LTR -90K        5 LTR INDIAN-75K                                                                                                                                                                    FULL REFUND WITHIN 7 DAYS  IF NOT DISPATCH BY ANY CHANCE,Oxygen,['+919643148179'],Delhi,,
Karan Oxygen Cylinder,,2021-04-23 22:23:52.000,Janakpuri,Oxygen,['+919650066175'],Delhi,,
Saurabh,,2021-04-23 22:23:52.000,Yamuna Vihar,Oxygen,['+919650715529'],Delhi,,
Ventilators,,2021-04-23 22:23:52.000,Rohini,Oxygen,['+919654535285'],Delhi,,
,,2021-04-23 23:22:53.000,"only whatsapp, concentrator available",Oxygen,['+919667221130'],Delhi,,
Oxygen Cylinder,,2021-04-23 22:23:52.000,Delhi,Oxygen,['+919711143834'],Delhi,,
Vishal Kapoor,,2021-04-27 15:54:12.792,Provides oxygen concentrators. Out of stock right now.,Oxygen,['+919717054738'],Delhi,,
Rahul,,2021-04-22 14:42:54.979,,Oxygen,,Delhi,,
Rishabh Malik,,2021-04-29 10:43:04.920,"Jankapuri Keeps stock of oxygen cans but only 20-25 cans and they are mostly booked. But someone in dire need can try. Location: Uttam Nagar, Janakpuri.",Oxygen,['+919718700388'],Delhi,,
manoj,,2021-04-23 22:23:52.000,,Oxygen,[],Delhi,,
Aditya Oxygen Supply Concentrator,,2021-04-29 10:46:45.481,Delhi Expecting oxygen concentrator delivery on May 4th. Will deliver within Delhi on pre-booking basis.,Oxygen,['+919771499591'],Delhi,,
Abrar Ahmad,,2021-04-22 14:42:54.979,,Oxygen,,Delhi,,
Javed Ahmed Oxygen,,2021-04-23 22:23:52.000,"Zakir Nagar, Okhla",Oxygen,['+919808822111'],Delhi,,
Manish Gupta,,2021-05-01 06:20:15.053,"Provides oxygen concentrators, but needs to be pre-booked. Price: 33,000 for 7 litre device As of now, it's out of stock. But you can book and get it delivered on May 12.",Oxygen,['+919810008694'],Delhi,,
Oxygen concentrator,,2021-04-23 22:23:52.000,,Oxygen,['+919810061827'],Delhi,,
Vinayak Enterprise,,2021-04-23 22:23:52.000,Sahibabaad,Oxygen,['+919810081173'],Delhi,,
waseem gases,,2021-04-23 22:23:52.000,near shaheen bagh police sttn,Oxygen,['+919810114388'],Delhi,,
Oxygen concentrator,,2021-04-23 22:23:52.000,Delhi,Oxygen,['+919810180710'],Delhi,,
Kalka Health Solutions,,2021-04-22 14:42:54.979,,Oxygen,,Delhi,,
Hemkunt foundation,,2021-04-23 23:22:53.000,Oxygen cylinders can be refilled,Oxygen,['+919810376333'],Delhi,,
Madan Lal Agarwal,,2021-04-23 22:23:52.000,"Bhawana road, Pooth",Oxygen,"['+919810347971', '+918851301991']",Delhi,,
-,,2021-04-29 10:56:35.616,"Okhla Oxygen concentrators expected next Tuesday. Location: Phase 1, Okla",Oxygen,['+919810402286'],Delhi,,
Kamalijeet Singh ,,2021-04-23 23:22:53.000,Will arrange cylinder for oxygen level below 80 only with video proof,Oxygen,['+919810458567'],Delhi,,"IIT GATE, SOUTH DELHI"
Rama Gases - Gas refilling,,2021-04-23 22:23:52.000,"DDA Colony, Chowkhandi Road, Khyala - New Delhi",Oxygen,"['+919810468781', '+919810468787']",Delhi,,
Dr. CC Khakha,,2021-04-23 22:23:52.000,near ESI Okhla,Oxygen,['+919810511081'],Delhi,,
Caresworth Healthcare,,2021-04-23 23:22:53.000,Concentrator,Oxygen,['+919810525762'],Delhi,,E-116 B near hansraj school dilshad garden new delhi
shivani home health care Pvt ltd,,2021-04-23 23:22:53.000,Icu set up at home,Oxygen,['+919810526521'],Delhi,,Gurgaon
,,2021-04-23 23:22:53.000,oxygen refill,Oxygen,['+919810747222'],Delhi,,Rohini
Oxygen Cylinder,,2021-04-23 22:23:52.000,"Jamia, Okhla, Shaheen Bagh",Oxygen,"['+919810915637', '+919810114388']",Delhi,,
Oxygen cylinder,,2021-04-23 22:23:52.000,Gurgaon,Oxygen,['+919811019896'],Delhi,,
Abhishek ,,2021-04-23 23:22:53.000,OUT OF STOCK TILL FURTHER NOTICE,Oxygen,['+919811043229'],Delhi,,"Jangpura,South Delhi"
Shubham Bhawana,,2021-04-22 14:42:54.979,(whatsapp only) - verified at 1:41 pm on 21/04/2021,Oxygen,['+919811065716'],Delhi,,
Oxygen cylinder,,2021-05-01 10:40:43.904,Sultanpuri Expects portable cans tomorrow that is May 2nd but cannot give location until he knows which of his godowns it will go to. Maybe Rohini.,Oxygen,['+919811169579'],Delhi,,
Simrat Veerjj,,2021-04-23 23:22:53.000,,Oxygen,['+919811504547'],Delhi,,"Model Town, North Delhi"
shankar gases,,2021-05-01 10:37:41.852,refill ,Oxygen,['+919811615113'],Delhi,,"opposite kalra hospital moti nagar, new delhi"
kanchan singh,,2021-04-23 22:23:52.000,,Oxygen,['+919811663440'],Delhi,,
Oxygen cylinder refill,,2021-05-01 06:08:10.969,"Oxygen refill available at E 37, Moti Nagar ",Oxygen,['+919811664455'],Delhi,,
Simranjeet Singh,,2021-05-01 10:35:53.833,Faridabad Doesn't have at the moment but expects in the next few days.,Oxygen,['+919818059334'],Delhi,,
Adv. Sagar Arora,,2021-04-23 22:23:52.000,"B 93, Mayapuri phase 1, West Delhi",Oxygen,['+919818523359'],Delhi,,
NGO,,2021-04-23 22:23:52.000,Delhi,Oxygen,['+919818798178'],Delhi,,
Oxygen,,2021-04-23 22:23:52.000,"Vinayak Apartments, Sector 10 Dwarka",Oxygen,['+919818798980'],Delhi,,
Vaibhav Oxygen,,2021-04-23 22:23:52.000,Badarpur,Oxygen,['+919871979337'],Delhi,,
Sarang,,2021-04-30 09:24:37.076,Sarang is the name of the person who verified this contact. Owner of this number says to whatsapp Hemkunt Foundation's official number +919990691313,Oxygen,"['+919873292242', '+919990691313']",Delhi,,
Amba Oxygen,,2021-04-23 22:23:52.000,Sudershan Park - New Delhi,Oxygen,"['+919891211680', '+919312965950']",Delhi,,
,,2021-04-23 23:22:53.000,oxygen kit availablle,Oxygen,['+919891332403'],Delhi,,
Delhi Oxygen,,2021-04-23 22:23:52.000,Delhi,Oxygen,['+919891797777'],Delhi,,
,,2021-04-23 23:22:53.000,refill,Oxygen,['+919891828453'],Delhi,,darya ganj moti mahal restaurant streets
Cylinder & Cans,,2021-04-29 16:14:28.410,  ,Oxygen,['+919899233554'],Delhi,,
Shahil Arora,,2021-04-23 23:22:53.000,concentrator,Oxygen,['+919899508474'],Delhi,,
oxygen cans,,2021-05-01 10:20:28.974, ,Oxygen,['+919899601255'],Delhi,,
Oxygen Refill,,2021-04-23 22:23:52.000,Chandni Chowk,Oxygen,['+919899642950'],Delhi,,
United for Humanity,,2021-05-05 06:06:40.621,1 patient can get 2 oxygen cans. Call/WhatsApp them to check for availability. ,Oxygen,['+919899907896'],Delhi,,
Oxygen,,2021-04-23 22:23:52.000,Janakpuri,Oxygen,['+919910295808'],Delhi,,
oxygen cylinder,,2021-04-23 22:23:52.000,Kamla nagar,Oxygen,['+919910391898'],Delhi,,
Empty cylinder,,2021-04-23 22:23:52.000,Delhi,Oxygen,['+919910391900'],Delhi,,
Sunil Gupta,,2021-04-23 22:23:52.000,"83/3, street number 3, Krishna nagar, Safdarung enclave",Oxygen,['+919910481197'],Delhi,,
,,2021-04-23 23:22:53.000,They expect a supply by monday (26.04.21),Oxygen,['+919910830636'],Delhi,,Noida Medical Center
upkar singh,,2021-04-23 22:23:52.000,,Oxygen,['+919911111313'],Delhi,,
Rajesh Dua,,2021-04-23 22:23:52.000,"Najafgarh road, Metro Pillar no. 712, Mahindru hospital",Oxygen,['+919911583189'],Delhi,,
Gini,,2021-04-23 23:22:53.000,concentrator,Oxygen,['+919940240807'],Delhi,,
Vinayak oxygen,,2021-05-03 06:49:17.234,Only refill. Long queue for refilling. Might beed to wait for a day to get cylinder refilled. Price Rs. 25/kg. Patient's covid report and aadhar card required,Oxygen,['+919953545358'],Delhi,,
Orbit Gases,,2021-04-23 22:23:52.000,"A-16, Naraina Industrial Area, Phase I, Delhi",Oxygen,['+919953606224'],Delhi,,
,,2021-04-23 23:22:53.000,oxygen cylinders,Oxygen,['+919953696969'],Delhi,,Delhi NCR
Oxygen,,2021-04-23 22:23:52.000,Rajouri Garden,Oxygen,['+919958380877'],Delhi,,
Shiv medicos oxygen concentrator,,2021-04-23 22:23:52.000,,Oxygen,['+919971868069'],Delhi,,
HEMKUNT FOUNDATION,,2021-04-26 13:24:46.539,Gurgaon,Oxygen,['+919987639337'],Delhi,,
True sewa,,2021-04-23 23:22:53.000,portable cans available,Oxygen,['+919990461846'],Delhi,,
Aman Singh,,2021-04-27 17:40:39.608,oxy kit available,Oxygen,['+919999061090'],Delhi,,
,,2021-04-23 23:22:53.000,only refill,Oxygen,['+919999091014'],Delhi,,A-16 Naraina Industrial area Phase 1
Vinayak Enterprise,,2021-04-23 22:23:52.000,Dilshad garden,Oxygen,['+919999209940'],Delhi,,
Oxygen. cylinder,,2021-04-23 22:23:52.000,"Gk 1, South Delhi",Oxygen,['+919999259390'],Delhi,,
Oxygen concentrator,,2021-04-28 06:20:30.207,Delhi,Oxygen,['+919999395783'],Delhi,,
Anshul Gupta,,2021-04-23 23:22:53.000,Free oxygen cylinders to patients who are 60+,Oxygen,['+919999398505'],Delhi,,Model Town Ashok Vihar
Rajori garden,,2021-04-23 22:23:52.000,"Rajori Garden, West delhi",Oxygen,['+919999445542'],Delhi,,
,,2021-05-01 10:07:01.703,Cylinder available ,Oxygen,['+919999474882'],Delhi,,Delhi
Deej Bedi,,2021-04-23 22:23:52.000,Subash nagar,Oxygen,['+919999605639'],Delhi,,
Syed Abrar Ali,,2021-04-22 14:42:54.979,Can refill empty cylinders. Does not have cylinders to give - verified 4.00pm 21/4/21,Oxygen,['+919999690269'],Delhi,,
Oxygen refill,,2021-04-23 22:23:52.000,Okhla,Oxygen,['+919999738356'],Delhi,,
Oxygen Concentrators,,2021-04-23 22:23:52.000,"SHRI RAM SURGICAL AND MEDICO SHOP NO. 1581/1, Ground Floor, Bhagirath Palace, Chandni Chowk, Delhi-6",Oxygen,['+919999794479'],Delhi,,
Gangadeep,,2021-04-23 22:23:52.000,,Oxygen,['+919999801332'],Delhi,,
Oxygen Provider (only gas),,2021-04-23 22:23:52.000,,Oxygen,"['+919999869483', '+919899435380', '+917947211053']",Delhi,,
Sewa Bharti Hospital ,,2021-04-29 16:23:35.081,  Phone auto reject,Blood / Plasma,['+918010066066'],Delhi,,
Sahil,,2021-05-05 14:20:13.057,  Switched off Can donate to any blood group,Blood / Plasma,['+919560947870'],Delhi,,
Srikanth O+,,2021-05-05 06:06:49.751,  Phone auto reject ,Blood / Plasma,['+919700655144'],Delhi,,
Ravi Chopra ,,2021-05-02 09:20:33.761,all blood groups available/replacement basis Not responding to messages,Blood / Plasma,['+919810024272'],Delhi,,
NDTV Plasma Initiative,,2021-05-09 04:44:17.282,feedback@ndtv.com ,Blood / Plasma,['+919910668811'],Delhi,,
Sunny Khera (CM representative) ,,2021-05-09 04:44:21.748,  ,Blood / Plasma,"['+919999992492', '+919999992492']",Delhi,,
Rishabh 8288949019,,,Call 7829980066. This is MYLAN Pharma. They deliver directly to hospital pharmacy.  Give them a miss call. They'll call back to confirm hospital's pharmacist name and contact.  ; Medicine name: Remdesivir,Medicine,"['+917829980066', '+917829980066']",Delhi,,
 NOVACARE HEALTHCARE,,2021-04-29 15:30:54.732,"Mayapuri Industrial AreaA 7 2nd FloorPhase IINew Delhi,Delhi,110064  ; Medicine name: Remdesivir",Medicine,['+918860074107'],Delhi,,
BRITISH MEDIDEALS,,2021-04-29 15:30:57.923,   ; Medicine name: Remdesivir,Medicine,['+919810699965'],Delhi,,
SUNNYCO,,2021-04-29 15:30:49.368,"E-99-98-81, (LGF),LAJPAT NAGAR 1,DELHI,110024 sunnyco99@bol.net.in - 9899788709  ; Medicine name: Remdesivir",Medicine,"['+919899788707', '+919899788709']",Delhi,,
Gurgaon oxygen,,2021-04-26 18:50:30.350,Gurgoan,Oxygen,['+917838240749'],Haryana,,
Lakshmi Carbide,,2021-04-27 10:31:06.288,"Ambala, Hary- ana",Oxygen,['+919034033333'],Haryana,,
Aggrawal Gases & Industries,,2021-05-01 09:59:29.834,"Bawal, Rewari Phone is switched off",Oxygen,['+919416341441'],Haryana,,
Godharmic NGO - WhatsApp only (Kaushal Totla),,2021-05-01 11:20:34.937,Gurgaon Out of stock. Doesn't know when there will be supply.,Oxygen,['+919624233341'],Haryana,,
Gupta Oxygen,,2021-04-23 22:23:52.000,"Hisar, Haryana",Oxygen,['+919812009352'],Haryana,,
Jitendra Vashist,,2021-04-28 06:24:29.448,Gurgaon,Oxygen,['+919818090824'],Haryana,,
Gupta Industrial Gases Pvt. Ltd.,,2021-04-23 22:23:52.000,"Hisar, Haryana",Oxygen,['+919996322100'],Haryana,,
Divya Air Product,,2021-04-23 22:23:52.000,Sonepat Hary- ana,Oxygen,['+919996815222'],Haryana,,
Hemkunt foundation,,2021-04-27 16:01:07.335,Gurgaon,Oxygen,['+919999061090'],Haryana,,
Aditya Gases,,2021-04-23 22:23:52.000,"Panipat, Hary- ana",Oxygen,['+919999829226'],Haryana,,
Dr Abhishek Khosla,,2021-04-24 15:46:55.037,,Medicine,,Haryana,,
Devkamal Hospital,,2021-05-01 07:50:27.870,No beds available right now. But keep checking.,Hospital Beds,['+917808782978'],Jharkhand,,
Samford Hospital,,2021-05-01 07:49:20.150,No beds available right now. But keep checking. Alternate number: 7992301930,Hospital Beds,"['+918840279687', '+917992301930']",Jharkhand,,
Dr Dinesh,,2021-04-26 08:47:31.801,,Hospital Beds,,Jharkhand,,
Raunit Ranjan,,2021-04-26 08:46:24.310,,Medicine,,Jharkhand,,
Kaya Hospital,,2021-05-18 16:22:46.204,"icu beds, oxygen available, call to confirm before reaching hospital. Verified on 26/04/2021, 14:00:00 It is in Gwalior",Hospital Beds,['+918770370287'],Madhya Pradesh,,
Amritansh Sachdeva,,2021-04-26 16:56:39.838,,Food,,Madhya Pradesh,,
Manish Rajput ,,2021-04-29 08:37:36.727,"Fabiflu available at kapil Medical store,Anand Nagar,Bhopal Contact no:-9131396034  ",Medicine,"['+917869173830', '+919131396034']",Madhya Pradesh,,
Jainam Oxygen Company,,2021-04-23 22:23:52.000,Richhai,Oxygen,['+916260115625'],Madhya Pradesh,,
Rewa Gases Pvt. Ltd.,,2021-04-23 22:23:52.000,Waidhan P. O.,Oxygen,['+917987555260'],Madhya Pradesh,,
Munish Rawat,,2021-04-23 22:23:52.000,Gwalior,Oxygen,['+919009965032'],Madhya Pradesh,,
Narendra Patidar,,2021-04-23 22:23:52.000,Indore,Oxygen,['+919425056939'],Madhya Pradesh,,
Oxygen cylinder,,2021-04-23 22:23:52.000,Jabalpur,Oxygen,['+919763522384'],Madhya Pradesh,,
Oxygen filling,,2021-04-23 22:23:52.000,Indore,Oxygen,['+919826500599'],Madhya Pradesh,,
Mayur Shah,,2021-04-27 17:46:55.632,"Pithampur, Mittal Corp. Ltd. , Unit 1, Plot no. 159, Sector-3, Near Pratap Steel Chauraha",Oxygen,['+919826965666'],Madhya Pradesh,,
Sanjay Gupta Oxygen Cylinder,,2021-04-29 08:40:02.261,Gwalior and other cities in MP ,Oxygen,['+919827072999'],Madhya Pradesh,,
Md. Munis,,2021-04-27 15:44:51.278,,Oxygen,['+919893475786'],Madhya Pradesh,,
Kamal Agencies,,2021-04-20 11:33:00.000,"6/A, REHMAT MARKETNEAR GHORA NIKKASBUS STAND, BHOPAL (M.P.), BHOPAL,462001 ; Medicine name: Remdesivir",Medicine,['+919893374031'],Madhya Pradesh,,
Sparsh Hospital,,2021-04-22 14:42:54.979,,Hospital Beds,,Rajasthan,,
Asian Superspecialty,,2021-04-22 14:42:54.979,Jaipur - No oxygen beds or ventilators,Hospital Beds,['+919309444444'],Rajasthan,,
NIMS Medical College,,2021-04-22 14:42:54.979,"Jaipur - Oxygen beds, no ventilator",Hospital Beds,['+919602901829'],Rajasthan,,
Anand Gases ,,2021-04-23 11:56:05.526,,Oxygen,,Rajasthan,,
Salasar Carbonics,,2021-04-23 11:56:09.995,,Oxygen,,Rajasthan,,
vijay,,2021-04-23 15:05:21.182,Age 59 Ajmer DOR:12/08/2020 Blood Group A+ verified 23rd April,Blood / Plasma,['+919530399703'],Rajasthan,,
udit,,2021-04-23 15:05:24.690,Age 25 Blood Group B+,Blood / Plasma,['+919772559342'],Rajasthan,,
ganesh,,2021-04-23 15:05:27.899,Age 26 Tonk Blood Group A+,Blood / Plasma,['+919875139330'],Rajasthan,,
Muzaffarnagar med college,,,Muzaffarnagar medical college ; Notes: Ambulance Services,Other,['+917617589023'],Uttar Pradesh,,
Akash Shashikumar Swami,,,Muzaffarnagar medical college,Hospital Beds,['+917617589022'],Uttar Pradesh,,
 Career Institute of Medical Science,,2021-05-01 09:44:51.257,  Call not attended. Tried x 3 times,Hospital Beds,"['+918318527150', '+918318527150']",Uttar Pradesh,,
 Green City Hospital,,2021-05-01 09:48:42.640,  No hospital beds available right now due to lack of oxygen supply. Not accepting patients today.,Hospital Beds,"['+918400000784', '+918400000784']",Uttar Pradesh,,
Sanjeevani Medical Centre,,2021-04-22 14:42:54.979,,Hospital Beds,,Uttar Pradesh,,
 Advanced Neuro and General Hospital,,2021-05-01 09:57:49.091,  16 Beds expected to be arranged within 4 hours from now (03:27PM on 01-May-21),Hospital Beds,"['+919415022002', '+919415022002']",Uttar Pradesh,,
 Jaankipuram Vistar,,2021-04-27 17:54:58.962,,Hospital Beds,,Uttar Pradesh,,
 Avon Hospital,,2021-05-01 10:01:57.177,  All oxygen beds are full as of now. O2 supply available.,Hospital Beds,"['+919450374007', '+919450374007']",Uttar Pradesh,,
 Sri Sai Life Hospital,,2021-05-01 12:06:33.267,  3 Beds will be available by EOD. Oxygen available.,Hospital Beds,"['+919450407843', '+919450407843']",Uttar Pradesh,,
 Alambagh,,2021-04-27 17:56:02.397,,Hospital Beds,,Uttar Pradesh,,
 Fahmina Hospital,,2021-04-22 14:42:54.979,,Hospital Beds,,Uttar Pradesh,,
 Annapurna Tiffin Service,,2021-04-22 14:42:54.979,,Food,,Uttar Pradesh,,
 Pakhi's Kitchen,,2021-04-22 14:42:54.979,,Food,,Uttar Pradesh,,
 Apna Dhaba,,2021-04-22 14:42:54.979,,Food,,Uttar Pradesh,,
 Vishwas Khand,,2021-04-22 14:42:54.979,,Food,,Uttar Pradesh,,
 Sai Tiffin Service,,2021-04-22 14:42:54.979,,Food,,Uttar Pradesh,,
 Sumit Tiffin Service,,2021-04-22 14:42:54.979,,Food,,Uttar Pradesh,,
 Rasoi waala restaurant,,2021-04-22 14:42:54.979,,Food,,Uttar Pradesh,,
 Tiffin Time,,2021-04-22 14:42:54.979,,Food,,Uttar Pradesh,,
 Rajajipuram,,2021-04-27 15:09:03.430,,Food,,Uttar Pradesh,,
 Prithvi's Annapoorna Rasoi,,2021-04-22 14:42:54.979,,Food,,Uttar Pradesh,,
 Punjani Kukkad,,2021-04-22 14:42:54.979,,Food,,Uttar Pradesh,,
 Maa ki Rasoi,,2021-04-22 14:42:54.979,,Food,,Uttar Pradesh,,
 Parul's Gramophone,,2021-04-22 14:42:54.979,,Food,,Uttar Pradesh,,
 Vishal Khand,,2021-04-27 15:35:18.096,,Food,,Uttar Pradesh,,
 Food4U,,2021-04-22 14:42:54.979,,Food,,Uttar Pradesh,,
 Suaadika Home Kitchen,,2021-04-22 14:42:54.979,,Food,,Uttar Pradesh,,
Maa Durgma Restaurant,,2021-04-22 14:42:54.979,,Food,,Uttar Pradesh,,
 AmitaTiffin,,2021-04-22 14:42:54.979,,Food,,Uttar Pradesh,,
 Awasthi Bhojanalay,,2021-04-22 14:42:54.979,,Food,,Uttar Pradesh,,
 Fahmina Hospital,,2021-04-27 17:58:14.916,,Food,,Uttar Pradesh,,
 Best Rasoi,,2021-04-22 14:42:54.979,,Food,,Uttar Pradesh,,
shukla parul,,2021-04-26 01:17:29.526,,Medicine,,Uttar Pradesh,,
Divya Arora,,2021-04-27 08:19:27.378,Home collection for RTPCR Tests,Medicine,['+917522886828'],Uttar Pradesh,,
Divya Arora,,2021-04-27 08:33:49.181,"Home collection for RTPCR Tests  Home RTPCR test (Verified Numbers)  07007592788 - Rs. 1500/- per head. Report Next day.  09935885951 - Rs. 1800/- per head, Report next day  07388889808 - Rs. 1450/- per head. Report next day.  08299478053 - Helix labs - Dr Ajmal Khan -  Rs. 900/- to Rs. 1000/- per head. Report in 24 to 48 hours.  09870319958 -(Naseem) - Rs. 1300/-, Report in 48 to 72 hours. If urgent, can give report in 24 hours also.  07785871876 - Dr. Lal Path Lab- Book online - Rs. 900 per head  08707428474 - Chandan Diagnostic - Rs. 1100 per person, Report in 72 hours. Areas covered - Indira Nagar, Gomti Nagar,  Chinhat, Aliganj, and nearby areas.",Medicine,"['+917522886838', '+917007592788', '+919935885951', '+917388889808', '+918299478053', '+919870319958', '+917785871876', '+918707428474']",Uttar Pradesh,,
Akash Shashikumar Swami,,,"Please DM @manojmridul & @93mohini  for cylinder refill, on twitter.",Oxygen,[],Uttar Pradesh,,
 Pratham Enterprises,,2021-05-03 08:10:55.938,"  This place is in Nishat Gunj, New Market, shop 28, Oxygen cans available from tomorrow. Call 9935384236 ",Oxygen,"['+917235807158', '+917235807158', '+919935384236']",Uttar Pradesh,,
 Sarang Gas,,2021-05-21 08:59:28.072,  Oxygen refilling available.,Oxygen,"['+917379854888', '+917379854888']",Uttar Pradesh,,
 Bhupendra,,2021-05-21 09:11:20.917,   ,Oxygen,"['+917844038913', '+917844038913']",Uttar Pradesh,,
 Sandeep,,2021-04-22 14:42:54.979,,Oxygen,,Uttar Pradesh,,
 Javed,,2021-04-22 14:42:54.979,,Oxygen,,Uttar Pradesh,,
 Sahil Bharadwaj,,2021-04-22 14:42:54.979,,Oxygen,,Uttar Pradesh,,
Vivek Kumar,,2021-05-08 20:23:27.017,"पोर्टेबल ऑक्सीजन कैन हमारे पास उपलब्ध है।  जिन्हें अभी जरूरत है वही लोग संपर्क करे अन्यथा एडवांस में लेके रखने के लिए संपर्क न करे।  #Khalilabad, #Basti के लोग संपर्क  करे या whatsap करे - 8182836106 #Gorakhpur के लोग संपर्क करे - 8887564756 #OxygenCylinder #CovidHelp This number is on and they are providing oxygen cans at genuine price in Gorakhpur Khalilabad and Basti Reasons.",Oxygen,"['+918182836106', '+918182836106', '+918887564756']",Uttar Pradesh,,
 Ubaid,,2021-04-22 14:42:54.979,,Oxygen,,Uttar Pradesh,,
 Tanmay Bansal,,2021-04-22 14:42:54.979,,Oxygen,,Uttar Pradesh,,
 Portable cylinder,,2021-04-22 14:42:54.979,,Oxygen,,Uttar Pradesh,,
 Ravi,,2021-04-22 14:42:54.979,,Oxygen,,Uttar Pradesh,,
 MurariGas,,2021-04-22 14:42:54.979,,Oxygen,,Uttar Pradesh,,
 Salim,,2021-04-22 14:42:54.979,,Oxygen,,Uttar Pradesh,,
Oxygen Cylinder,,2021-05-01 12:16:00.000,"Will be available from 2/05 Only WhatsApp for inquires, do not call",Oxygen,['+918595692362'],Uttar Pradesh,,
 Sujeet oxygen,,2021-04-22 14:42:54.979,,Oxygen,,Uttar Pradesh,,
 Saeed Abbas,,2021-04-27 13:15:00.028,,Oxygen,,Uttar Pradesh,,
Vikas Nagar Oxygen,,2021-04-22 14:42:54.979,,Oxygen,,Uttar Pradesh,,
 Pratyush,,2021-04-22 14:42:54.979,,Oxygen,,Uttar Pradesh,,
 Oxygen wala,,2021-04-22 14:42:54.979,,Oxygen,,Uttar Pradesh,,
 Pawan Singh Refil,,2021-04-22 14:42:54.979,,Oxygen,,Uttar Pradesh,,
 Hazarat ganj,,2021-04-22 14:42:54.979,,Oxygen,,Uttar Pradesh,,
 Jumbo Jet Oxygen,,2021-04-22 14:42:54.979,,Oxygen,,Uttar Pradesh,,
 Abdul Saboor,,2021-04-22 14:42:54.979,,Oxygen,,Uttar Pradesh,,
 Vasu Gas,,2021-04-22 14:42:54.979,,Oxygen,,Uttar Pradesh,,
 Vasu,,2021-04-22 14:42:54.979,,Oxygen,,Uttar Pradesh,,
 oxygen cans,,2021-04-22 14:42:54.979,,Oxygen,,Uttar Pradesh,,
 Oxygen Cans,,2021-04-22 14:42:54.979,,Oxygen,,Uttar Pradesh,,
 Prateek,,2021-04-22 14:42:54.979,,Oxygen,,Uttar Pradesh,,
 Atul,,2021-04-22 14:42:54.979,,Oxygen,,Uttar Pradesh,,
 Murari gas,,2021-04-22 14:42:54.979,,Oxygen,,Uttar Pradesh,,
 Sai Traders,,2021-04-22 14:42:54.979,,Oxygen,,Uttar Pradesh,,
 Oxygen cylinder at chowk,,2021-04-22 14:42:54.979,,Oxygen,,Uttar Pradesh,,
 Awadh Gas Lucknow,,2021-04-22 14:42:54.979,,Oxygen,,Uttar Pradesh,,
 Ali Agha,,2021-04-22 14:42:54.979,,Oxygen,,Uttar Pradesh,,
 Nitin,,2021-04-22 14:42:54.979,,Oxygen,,Uttar Pradesh,,
 Prashant Gupta,,2021-04-22 14:42:54.979,,Oxygen,,Uttar Pradesh,,
 Sripriya Mishra,,2021-04-22 14:42:54.979,,Oxygen,,Uttar Pradesh,,
 Ajay Mishra,,2021-04-22 14:42:54.979,,Oxygen,,Uttar Pradesh,,
 Shubham Oxygen,,2021-04-22 14:42:54.979,,Oxygen,,Uttar Pradesh,,
 Rudransh Arora,,2021-04-22 14:42:54.979,,Oxygen,,Uttar Pradesh,,
 Raghav Oudh Oxygen,,2021-04-22 14:42:54.979,,Oxygen,,Uttar Pradesh,,
 Rudraksh Cylinder,,2021-04-22 14:42:54.979,,Oxygen,,Uttar Pradesh,,
 Parerhat Gas,,2021-04-22 14:42:54.979,,Oxygen,,Uttar Pradesh,,
 Matrix Health Care,,2021-04-22 14:42:54.979,,Oxygen,,Uttar Pradesh,,
 oxygen cylinder,,2021-04-22 14:42:54.979,,Oxygen,,Uttar Pradesh,,
 Jagat Gas,,2021-04-22 14:42:54.979,,Oxygen,,Uttar Pradesh,,
 Ankur Gas,,2021-04-22 14:42:54.979,,Oxygen,,Uttar Pradesh,,
 Ashirwad Medical,,2021-04-22 14:42:54.979,,Oxygen,,Uttar Pradesh,,
 Ayush Oxygen,,2021-04-22 14:42:54.979,,Oxygen,,Uttar Pradesh,,
 Kaushal Katiyar,,2021-04-22 14:42:54.979,,Oxygen,,Uttar Pradesh,,
 Emergency oxygen cylinders,,2021-04-22 14:42:54.979,,Oxygen,,Uttar Pradesh,,
 Gokul Agency,,2021-04-22 14:42:54.979,,Oxygen,,Uttar Pradesh,,
 Rohan Arora,,2021-04-27 14:12:11.970,,Oxygen,,Uttar Pradesh,,
 Manoj Gas,,2021-04-22 14:42:54.979,,Oxygen,,Uttar Pradesh,,
Srishti Singh,,2021-04-28 07:40:21.790,,Blood / Plasma,,Uttar Pradesh,,
Amit Radhey,,2021-04-28 17:06:30.033,Oxygen can is available. 9L can for approx Rs. 400 It is available. Personally verified.,Oxygen,['+918630612500'],Uttarakhand,,
M T C (India) Gases,23-Apr-2021 4:56 PM,,,Oxygen,['+919002120037'],Assam,,734001
Ashim Mohanta,4/23/2021 11:55 AM,,,Oxygen,['+919706301778'],Assam,Silchar,"silchar   ; Silchar, Assam ; NA"
Dr Anirudh Pratap Singh (Physician),23-Apr-2021 4:13 PM,,,Telehealth,['+919582750805'],Assam,"Beltola, Guwahati",NA
Dr Manish Sahu (physician and chest specialist),23-Apr-2021 4:31:59 PM,,11 am to 8 PM fee: Rs 600,Telehealth,['+919953582822'],Assam,Bongaigaon,https://www.practo.com/noida/doctor/dr-manish-sahu-general-physician-general-physician/554556/consult?action_source=DoctorProfilePageAmp&type=consult?from_amp=true&fingerprint=5ca43a08-e701-4393-a431-be31a7b37485
Samarpan hospital,,,,Hospital Beds,,Bihar,,
Langar Sewa (Sukhwinder Singh(,23/4/2021 21:30,,Do not call.Whatsapp with the following information 1- Number 2- Name  3- Number Of patients 4- Address.,Food,['+919810183038'],Bihar,Patna,Gurudwara Bangla Sahib. ; NA ; NA
Satyam Kumar,,2021-04-29 08:37:14.341,Begusarai Bihar He can help with bed and oxygen. Medicine is not the right category to put him in. Please update.,Medicine,['+918298254295'],Bihar,,
Sri Oxygen- Oxygen refilling,,2021-04-29 08:39:26.737,Bhagalpur Bhagalpur Area. Oxygen refilling available. New cylinder not available.,Oxygen,['+916200878217'],Bihar,,
Lions club of Bhagalpur,,2021-04-29 10:55:38.971,Bhagalpur ,Oxygen,['+917004217597'],Bihar,,
Bravo Oxygen Bank,,2021-04-23 22:23:52.000,Champaran,Oxygen,['+917004493764'],Bihar,,
Amit Kumar Oxygen - WhatsApp only,,2021-04-29 08:41:00.707,Patna Working.,Oxygen,['+917488029777'],Bihar,,
Pataliputra Oxyzen,,2021-04-29 08:40:44.006," Not answering, was verified 24 hours ago and was working then.",Oxygen,['+917903029067'],Bihar,,
(B-type cylinder Oxygen refilling),,2021-04-29 08:39:35.866,Bhagalpur Bhagalpur Area. Oxygen refilling available. New cylinder not available.,Oxygen,['+917979773600'],Bihar,,
Yuwa Ranchit Oxygen cylinder,,2021-04-23 22:23:52.000,Bhagalpur,Oxygen,['+918210707744'],Bihar,,
Oxygen Cylinder,,2021-04-23 22:23:52.000,Patna,Oxygen,['+918368524248'],Bihar,,
Oxygen cylinder,,,,Oxygen,,Bihar,,
Oxygen,,2021-04-23 22:23:52.000,Dehri-on-sone (Sasaram),Oxygen,['+918538996422'],Bihar,,
Sujeet oxygen - Oxygen cylinder available,,2021-04-23 22:23:52.000,Bhagalpur,Oxygen,['+918756400408'],Bihar,,
amresh,,2021-04-23 22:23:52.000,patna,Oxygen,['+918797348700'],Bihar,,
sanjay sarkar,,2021-04-23 22:23:52.000,patna,Oxygen,['+918809989999'],Bihar,,
Dalmia Financial & Security Co,,2021-04-23 22:23:52.000,Bhagalpur,Oxygen,['+919163073138'],Bihar,,
Jha Ji Oxygen refilling Tilkamanhjhi,,2021-04-23 22:23:52.000,Bhagalpur,Oxygen,['+919204857344'],Bihar,,
Sabjibagh Oxygen Cylinder,,2021-04-23 22:23:52.000,Patna,Oxygen,['+919234722214'],Bihar,,
"Hanuman, Patna",,2021-04-23 22:23:52.000,Patna,Oxygen,['+919264198199'],Bihar,,
gaurav sinha,,2021-04-23 22:23:52.000,patna,Oxygen,['+919308409095'],Bihar,,
Patliputra Industrial Gases Pvt. Ltd.,,2021-04-23 22:23:52.000,Patna,Oxygen,['+919334046080'],Bihar,,
Kumar enterprises ,,,,Oxygen,,Bihar,,
OP Singh,,2021-04-23 22:23:52.000,Bhagalpur,Oxygen,['+919334352086'],Bihar,,
Usha Air Products Ltd.,,2021-04-23 22:23:52.000,Patna,Oxygen,['+919386094153'],Bihar,,
Satyanarayan Gaami Memorial Trust,,2021-04-23 22:23:52.000,Darbhanga,Oxygen,['+919431286598'],Bihar,,
EBCCI,,2021-04-23 22:23:52.000,Bhagalpur,Oxygen,['+919431690566'],Bihar,,
Oxygen Cylinder,,2021-04-23 22:23:52.000,Patna,Oxygen,['+919525230013'],Bihar,,
Sp verma medical,,2021-04-23 22:23:52.000,patna,Oxygen,['+919534771419'],Bihar,,
Chand Gaya,,2021-04-25 14:04:45.319,,Oxygen,,Bihar,,
COVID Helpline Volunteer,,2021-05-01 07:34:41.111,Send him your doctor's prescription via WhatsApp ; Medicine name: Remdesivir,Medicine,['+918809823516'],Bihar,,
Sagar Hospital,,2021-04-26 13:23:54.092,,Hospital Beds,,Chandigarh,,
Anup Paul,23/04 3:49:23 PM,,not revealing,Oxygen,['+917636822606'],Chandigarh,Chandigarh,Assam Air Products Pvt. Ltd.
sneha sangani,23 Apr 3:29:09 PM,,80 Rs/meal,Food,['+917678069725'],Gujarat,Vapi,vasna rd vasna bhayli
Dr Rajendra dorwal,,2021-04-27 15:20:16.257,I am a veterinary doctor. Currently i posted at Savrkundla Amreli Gujrat. I can manage food for 50 people daily around my surrounding. Thank you.,Food,['+918278674660'],Gujarat,,
sneha,23 Apr 3:33:57 PM,,80 Rs/meal,Food,['+919265525673'],Gujarat,Veraval,gotri gorwa
bonku,23-04-2021 1:18:37 PM,,,Food,['+919654004059'],Gujarat,Ahmedabad,mayur vihar
AIMS Industries,,2021-04-23 22:23:52.000,Baroda,Oxygen,['+916352493120'],Gujarat,,
Saurashtra Oxygen Pvt. Ltd.,,2021-04-28 11:25:49.696,"Gandhidham, (Kutch)",Oxygen,['+918000000700'],Gujarat,,
oxygen cylinder,,2021-04-23 22:23:52.000,ahmedabad,Oxygen,['+919081922002'],Gujarat,,
Agrawal Samaj,,2021-04-23 22:23:52.000,Surat,Oxygen,['+919374535335'],Gujarat,,
Shital Gas,,2021-04-23 22:23:52.000,Patan,Oxygen,['+919427362828'],Gujarat,,
Pranav Oxygen,,2021-05-01 09:24:44.059,"Surat It is in Surat, can help refill cylinders, does not have cylinders.",Oxygen,['+919724811555'],Gujarat,,
ABC Surgical and medical co. yuva army,,2021-04-23 22:23:52.000,ahmedabad,Oxygen,['+919727273189'],Gujarat,,
R R Patel Industrial Gases Pvt. Ltd.,,2021-04-23 22:23:52.000,Ahmedabad,Oxygen,['+919727722431'],Gujarat,,
Jay gayatri/ Oxygen cylinder,,2021-05-08 08:26:18.053,Gandhinagar The stock would be available by Monday for now it's out of stock.  Not a help provider.,Oxygen,['+919737276902'],Gujarat,,
Madhuraj Industrial Gases Pvt. Ltd.,,2021-04-23 22:23:52.000,Ahmedabad,Oxygen,['+919824038152'],Gujarat,,
Pawan Industrial Gases,,2021-04-23 22:23:52.000,Himat Nagar,Oxygen,['+919824348902'],Gujarat,,
Maruti Gases,,2021-05-01 10:57:29.114,"Baroda Vadodara, line is busy continuously.",Oxygen,['+919825011158'],Gujarat,,
Urmi Oxygen,,2021-05-01 09:54:20.108,"Vadodara Vadodara, not able to refill oxygen cylinders.",Oxygen,['+919825027749'],Gujarat,,
Madhav Industrial Gases,,2021-04-23 22:23:52.000,Rajkot,Oxygen,['+919825046073'],Gujarat,,
Hiltone Gas,,2021-05-05 16:44:47.607,"Ahmedabad Valid, refilling of cylinders only ",Oxygen,['+919825070680'],Gujarat,,
Tirupati Oxygen,,2021-04-23 22:23:52.000,Gujarat,Oxygen,['+919825328080'],Gujarat,,
Shakti Industrial Gases,,2021-05-08 08:33:22.792,"Vadodara Vadodara, line is busy continuously. This company does not supply oxygen anymore.",Oxygen,['+919825335395'],Gujarat,,
Swami Air Products (India) Pvt. Ltd.,,2021-04-23 22:23:52.000,Ahmedabad,Oxygen,['+919825413638'],Gujarat,,
Shri Vinayak Speciality,,2021-04-23 22:23:52.000,Modasa,Oxygen,['+919825449298'],Gujarat,,
Verni Gas,,2021-04-23 22:23:52.000,Surat,Oxygen,['+919879372600'],Gujarat,,
SK Gases,,2021-04-23 22:23:52.000,Ulhas nagar,Oxygen,['+919890008112'],Gujarat,,
Bhagi Laxmi Gases,,2021-04-23 22:23:52.000,Baroda,Oxygen,['+919898285037'],Gujarat,,
oxygen cylinder/ Jignesh patel,,2021-04-23 22:23:52.000,ahmedabad,Oxygen,['+919898650493'],Gujarat,,
Oxygen Cylinder,,2021-04-23 22:23:52.000,Ahmedabad,Oxygen,['+919909995959'],Gujarat,,
Aims Oxygen Pvt. Ltd.,,2021-05-01 10:56:29.887,"Vadodara Vadodara, not picking up calls",Oxygen,['+919925110106'],Gujarat,,
Aims Oxygen Pvt. Ltd.,,2021-04-23 22:23:52.000,Ahmedabad,Oxygen,['+919925110148'],Gujarat,,
Aims Oxygen Pvt. Ltd.,,2021-04-23 22:23:52.000,Surat,Oxygen,['+919925110213'],Gujarat,,
Lalan Gas,,2021-04-23 22:23:52.000,Ahmedabad,Oxygen,['+919925246680'],Gujarat,,
Oxygen Concentrator,,2021-04-27 15:48:28.112,Surat,Oxygen,['+919974487467'],Gujarat,,
Sethi Industrial Gases Pvt. Ltd.,,2021-04-23 22:23:52.000,Ahmedabad,Oxygen,['+919978800021'],Gujarat,,
P K Carbonics,,2021-04-23 22:23:52.000,Vapi,Oxygen,['+919979885331'],Gujarat,,
NA,23 April 14:24,,Notes: Has Oxygen Beds,Hospital Beds,['+918023010101'],Karnataka,Bangalore,"Mahadevpura, Bangalore"
Shivam Industrial Gases,23-Apr-2021 12:30 PM,,available,Oxygen,['+918048714693'],Karnataka,Bangalore,"Plot Number-57-58,Sector-59, HSIIDCB, Ballabhgarh, Faridabad, Haryana ; 121004"
NA,23/04/2021 11:36:50 AM,,,Oxygen,['+918447390017'],Karnataka,Bangalore,door step delivery
Arun Garg,23 April 2021 6:18:42 PM,,Not giving any information,Oxygen,['+919215586713'],Karnataka,Bangaluru,Arun Oxygen Limited
Veer Foundation,23/04 17:03,,not revealing,Oxygen,['+919321580108'],Karnataka,Bangalore,"Ghatkopar East Mumbai,India ; NA"
NA,23 April 14:17,,,Oxygen,['+919845083398'],Karnataka,Bangalore,Yashashwini Medical Service
,23 April 2:09 PM,,,Oxygen,['+919848870799'],Karnataka,Bangalore,Delivery/Pick-up
Manoj,23 April 12:21,,,Oxygen,['+919892356727'],Karnataka,Bangalore,door step delivery
Dr Pavny Chawla,23 April 12:36 PM,,5:30 PM onwards,Telehealth,['+919711159111'],Karnataka,Bangalore,NA
Dinesh,23-04-2021 2:54:45 PM,,Only to hospitals,Oxygen,['+919500173570'],Kerala,Cochin,"D.No. 250/2B, Inamadugu Road, Padugupadu, Nellore - 524137, Nh5 Flyover Beside"
"M East, BMC Mumbai",,2021-04-30 14:13:45.039,"Landline: 022 25526301 / 7208590415  This is the official BMC helpline for people who live in these areas of Mumbai: Chitah camp, RCF colony, Vashi naka, Chembur, Bainganwadi, PMG colony, Indian oil nagar, Shivaji Nagar, Milan colony, BARC, Mankhurd, Govandi  Call them to get info on beds in hospitals. They will ask for your patient's details and call back after 15-20 mins with the information on hospitals, beds, etc. ",Hospital Beds,"['+917208680538', '+912225526301', '+917208590415']",Maharashtra,,
"G South Ward, BMC Mumbai",,2021-04-30 13:37:57.937,"Landline: 022 24219515  This is the official BMC helpline for people who live in these areas of South Mumbai: Lower Parel, Worli, Worli BDD Chawl, Jacob Circle, New Prabhadevi, Worli Koliwada, Bellasis Road  Call them to get info on beds in hospitals. They will ask for your patient's details and call back after 15-20 mins with the information on hospitals, beds, etc. ",Hospital Beds,"['+917208764360', '+912224219515']",Maharashtra,,
"L Ward, BMC Mumbai",,2021-04-30 14:13:48.677,"Landline: 022 26509901 / 7678061274 / 7710870510   This is the official BMC helpline for people who live in these areas of Mumbai: Kaju pada, Sakivihar Powai, Sakinaka, Chandivali, Parera wadi, Nehru nagar, Vinoba bhave nagar, Kirol road, Hill road Chunnabatti, LBS road, Kurla east and west  Call them to get info on beds in hospitals. They will ask for your patient's details and call back after 15-20 mins with the information on hospitals, beds, etc. ",Hospital Beds,"['+917304883359', '+912226509901', '+917678061274', '+917710870510']",Maharashtra,,
"G North, BMC Mumbai",,2021-04-30 13:38:04.542,"Landline: 022 24210441  This is the official BMC helpline for people who live in these areas of South Mumbai: Dharavi, Matunga West, Matunga Labor Camp, Shivaji Park, Dadar West, Ranade Road, Mahim, Bhavani Shankar Road  Call them to get info on beds in hospitals. They will ask for your patient's details and call back after 15-20 mins with the information on hospitals, beds, etc. ",Hospital Beds,"['+918291163739', '+912224210441']",Maharashtra,,
"R North, BMC Mumbai",,2021-04-30 14:01:26.452,"Landline: 022 28947350   This is the official BMC helpline for people who live in these areas of Mumbai: IC Colony, Eksar road, Rawal pada, Kandar pada, Ashok van, Dahisar  Call them to get info on beds in hospitals. They will ask for your patient's details and call back after 15-20 mins with the information on hospitals, beds, etc. ",Hospital Beds,"['+918369324810', '+912228947350']",Maharashtra,,
"F South Ward, BMC Mumbai",,2021-04-30 13:38:07.919,"Landline: 022 24177507  This is the official BMC helpline for people who live in these areas of South Mumbai: Parel, Naigaon, Shivari, Kalachowki, Hindmata  Call them to get info on beds in hospitals. They will ask for your patient's details and call back after 15-20 mins with the information on hospitals, beds, etc. ",Hospital Beds,"['+918657792809', '+912224177507']",Maharashtra,,
"K East, BMC Mumbai",,2021-04-30 13:38:52.130,"Landline: 022 268470000  This is the official BMC helpline for people who live in these areas of North Mumbai: Natvar Nagar, Marol Maroshi, Vile Parle E, Andheri E, Jogeshwari E, J B Nagar, Shyam Nagar, JVLR, Baman Wada Village, Military Road  Call them to get info on beds in hospitals. They will ask for your patient's details and call back after 15-20 mins with the information on hospitals, beds, etc. ",Hospital Beds,['+918657933681'],Maharashtra,,
"R South, BMC Mumbai",,2021-04-30 14:01:30.300,"Landline: 022 28054788   This is the official BMC helpline for people who live in these areas of Mumbai: Charkop, Dahanukar wadi, Poisar, Thakur village, Aakurlil road, Irani wadi, Bandar pakhadi road, Kandivali east and west  Call them to get info on beds in hospitals. They will ask for your patient's details and call back after 15-20 mins with the information on hospitals, beds, etc. ",Hospital Beds,"['+918828495740', '+912228054788']",Maharashtra,,
"P South, BMC Mumbai",,2021-04-30 14:01:34.166,"Landline: 022 287800008  This is the official BMC helpline for people who live in these areas of Mumbai: Chincholi Bandar, Aarey milk colony, Goregaon, Jawahar nagar, Bimbisar nagar, BEST colony, Ram mandir, Bhagat Singh nagar, Prem nagar  Call them to get info on beds in hospitals. They will ask for your patient's details and call back after 15-20 mins with the information on hospitals, beds, etc. ",Hospital Beds,['+918828576098'],Maharashtra,,
"F North, BMC Mumbai",,2021-04-30 13:38:44.358,"Landline: 022 24011380 Alternate number: 8879148203  This is the official BMC helpline for people who live in these areas of South Mumbai: Sion Koliwada, Matunga East, Wadala, Antop Hill, Pratiksha Nagar, Sahkar Nagar, Naigaon Cross Road, 90 feet road, salt pan road  Call them to get info on beds in hospitals. They will ask for your patient's details and call back after 15-20 mins with the information on hospitals, beds, etc. Doesn't cover 90 feet road, which is G North ward",Hospital Beds,"['+918879150447', '+912224011380', '+918879148203']",Maharashtra,,
"D Ward, Mumbai",,2021-04-30 13:38:56.307,"Landline: 022 23835004 This is the official BMC helpline for people who live in these areas of Mumbai: Malabar Hill, Girgaon, Tardeo, Grant Road, Napean Sea Road, Khetwadi Call them to get info on beds in hospitals. They will ask for your patient's details and call back after 15-20 mins with the information on hospitals, beds, etc. ",Hospital Beds,"['+918879713135', '+912223835004']",Maharashtra,,
"S Ward, BMC Mumbai",,2021-04-30 14:13:52.016,"Landline: 022 25954000   This is the official BMC helpline for people who live in these areas of Mumbai: Kannamvar Nagar, Hariyali village, Tirandaj village, IIT Bombay, Powai, Bhandup, Kanjurmarg, Sonapur, Gadav naka, Tembhipada, Bhandup village, Sarvodaya nagar, Nardas nagar, Bhandup east and west, Powai vihar complex   Call them to get info on beds in hospitals. They will ask for your patient's details and call back after 15-20 mins with the information on hospitals, beds, etc. ",Hospital Beds,"['+919004869724', '+912225954000']",Maharashtra,,
Surya Sahyadri Hospital,,2021-04-30 13:37:52.192,"They have ICU beds with ventilators as of 2 PM on April 28. In case this lead doesn't work, visit https://divcommpunecovid.com/ccsbeddashboard/hsr — a dedicated dashboard for help with hospitals in Pune. ",Hospital Beds,['+919673338199'],Maharashtra,,
Siddhivinayak COVID Care,,2021-05-01 08:10:50.257,"Oxygen beds available at Siddhivinayak Covid Care in Katraj, Pune Contact's name is Dr. Vishnu",Hospital Beds,['+919765843763'],Maharashtra,,
"R Central, BMC Mumbai",,2021-04-30 14:01:37.589,"Landline: 022 28947360   This is the official BMC helpline for people who live in these areas of Mumbai: Vazira naka, Mane compound kajupada, Kulupwadi, Dattpada road, TPS road, Chikuwadi, Chandavarkar lane, Gorai, Borivali east and west  Call them to get info on beds in hospitals. They will ask for your patient's details and call back after 15-20 mins with the information on hospitals, beds, etc. ",Hospital Beds,"['+919920089097', '+912228947360']",Maharashtra,,
,23/04/2021 12:06 PM,,Medicine name: Fabiflu,Medicine,['+918080804398'],Maharashtra,Mumbai,"Deepash Pharmacy Mulund West, mumbai ; 400080"
,23/04/2021 12:12,,Notes: Has ICU Bed,Hospital Beds,"['+912225905599', '+919322709039']",Maharashtra,Mumbai,"Sai Siddhi Hospital, Mulund"
,23/04/2021 12:12,,Notes: Has ICU Bed,Hospital Beds,['+912262806280'],Maharashtra,Mumbai,"Apollo Hospital, Navi Mumbai"
,23/04/2021 12:15 PM,,Has ICU Bed with Ventilator,Hospital Beds,"['+912225905599', '+919322709039']",Maharashtra,Mumbai,"Sai Siddhi Hospital, Navi Mumbai ; Na"
,23/04/2021 12:15 PM,,Has ICU Bed with Ventilator,Hospital Beds,['+912262806280'],Maharashtra,Mumbai,"Appolo hospital, Navi ; NA"
Kohinoor Hospital,23/04/2021 12:28 PM,,Only 4-5 non oxygen supply beds available. ; Has ICU Bed with Ventilator,Hospital Beds,['+919768475505'],Maharashtra,Mumbai,Kohinoor Hospital ; na
manish,23.04.2021 3:19:42 PM,,does not directly allot bed but helps in coordinating with hospital,Hospital Beds,['+919620555694'],Maharashtra,Pune/Mumbai,wipro campus hinjewadi
"rajendra ,mahesh ",23/04 11:29 AM,,not revealing exact details,Oxygen,"['+919321024969', '+919769274386']",Maharashtra,Mumbai,"Shree Chandra Prabhu Jain Derasar Trust, Jain Mandir road, near Vodafone Gallery, Bandra west mumbai ; 400050"
"Alpesh ,Bilpin ",23/04 11:33 AM,,details would be given as per requirement and message him through whatsapp,Oxygen,"['+919324503214', '+918108536536']",Maharashtra,Mumbai,"AchalGach Jain Sangh Vashi, M G Complex Sector 14, Vashi ; 400703"
hasmukh,23/04 12:51 PM,,he gets it arranged as per requirement,Oxygen,['+919867002500'],Maharashtra,Mumbai,"Navjivan Jain Derasar Opp Foras road bus depot, Nr Pratiksha tower, Foras road ; 400008"
NA,23/04/2021 12:24:52 PM,,,Oxygen,['+918042734900'],Maharashtra,Mumbai,door step delivery
Sagar Deshmukh,23/04 1:06 PM,,readily available as per requirement,Oxygen,['+917276789074'],Maharashtra,Mumbai,NA ; NA
Shivam Oxygen Pvt. Ltd.,,2021-04-30 13:05:51.639,Jalgaon ,Oxygen,['+917507993999'],Maharashtra,,
Akash Swami,,,It's number of Faizane Mufti-e-Azam Trust,Oxygen,['+917678061384'],Maharashtra,,
Arnichem Industries,,2021-04-30 13:06:17.195,Solapur ,Oxygen,['+917776823823'],Maharashtra,,
Rewa gases-Deepak Saboo,23-04-2021 3:51:24 PM,,Gas only(no cylinder),Oxygen,['+917987555260'],Maharashtra,Ahmednagar,
Govinda Gases,,2021-04-30 13:06:53.477,Dhulia Not picking up right now,Oxygen,['+918275103509'],Maharashtra,,
NA,23/04/2021 11:44,,,Oxygen,['+918660856709'],Maharashtra,Mumbai,Self PIck up from Basavangudi
Kalpesh Kothawade,,2021-05-01 10:24:52.709,"Oxygen concentrators  Price range: 80,000 to 1,20,000 Location: Hadapsar, Pune.  3 concentrators available",Oxygen,['+918669198117'],Maharashtra,,
Hemkunt Foundation,,2021-05-01 07:29:33.306,They supply oxygen cylinders at Versova Gurudwara on JP Road Email: hemkuntfoundation13@gmail.com,Oxygen,['+918700013641'],Maharashtra,,
,23-04-2044 16:08,,they can arrange for oxygen in case of emergency,Oxygen,['+918907776010'],Maharashtra,Mumbai,thane
Pinnacle gases,,2021-04-30 13:07:18.058,Nashik ,Oxygen,['+918983052777'],Maharashtra,,
Ahmednagar Gases Pvt. Ltd.,,2021-04-30 13:07:57.517,"Ahmednagar Working, but not picking up",Oxygen,['+919028789783'],Maharashtra,,
Sunny Industrial Sales,,2021-05-01 06:09:13.096,Nashik Not responding to calls or messages.,Oxygen,['+919049809998'],Maharashtra,,
Mahalaxmi Gases,,2021-04-30 13:09:41.210,Icchalkaranji Number's busy.,Oxygen,['+919108010367'],Maharashtra,,
Siddhant Oxygen,23/04 11:50,,will be available by 5PM today,Oxygen,['+919137194898'],Maharashtra,Mumbai,NA ; NA
SSD Gases Pvt Ltd,,2021-04-30 13:41:54.370,"They provide refills. Sometimes, they may not pick up the phone, but you can go and get it directly. It's for personal use at home, and not for hospitals. You must carry the doctor's prescription and the patient's Aadhar card. ",Oxygen,['+919167729589'],Maharashtra,,
SSD Gases Pvt. Ltd.,23/04/2021 1:39 PM,,Can be availed if ordered.,Oxygen,['+919320757537'],Maharashtra,Mumbai,"M I D C, Plot No: A/507 MIDC, T.T.C. Industrial Area, Mahape, Navi Mumbai ; 400701"
,23/04 4:57 PM,,not revealing,Oxygen,['+919321580108'],Maharashtra,Mumbai,Mumbai
Galaxy Industrial Gases,,2021-05-01 06:08:08.593,Vasai Not responding to calls or messages.,Oxygen,['+919322988561'],Maharashtra,,
Raigad Gas India Pvt. Ltd.,,2021-05-01 06:07:57.795,"Chakan, Pune Not responding to calls or messages.",Oxygen,['+919325025131'],Maharashtra,,
Balaji Air Product-Ashish Jaju/Pankaj Jaju,23-04-2021 3:58:41 PM,,will be available tomorrow,Oxygen,['+919370025610'],Maharashtra,Ahmednagar,
Devi Patil gases-Anil Patil,23-04-2032 15:33,,Oxygen cylinder is out of stock but can refill the cylinders,Oxygen,['+919372272282'],Maharashtra,Mumbai,
Sunny Industrial Gases Pvt. Ltd.,,2021-04-30 13:27:16.209,Nashik Not picking up,Oxygen,['+919373900523'],Maharashtra,,
Oxygen Concentrator,,2021-04-30 15:13:40.629,"Hadaspur, Pune ",Oxygen,['+919403004893'],Maharashtra,,
Kolhapur Oxygen Pvt. Ltd.,,2021-04-30 13:28:31.289,Kolhapur Rajendra Gadve is the name of the contact,Oxygen,['+919422045716'],Maharashtra,,
Shraddha Air Product,,2021-04-30 13:29:05.393,Ahmednagar ,Oxygen,['+919422222875'],Maharashtra,,
Pinnacle Industries,,2021-04-30 13:29:37.196,Nashik Supplies oxygen cylinders,Oxygen,['+919422246669'],Maharashtra,,
Shashi Machinery & Agencies,,2021-04-30 13:30:14.054,Beed Contact's name is Sanjay Kore,Oxygen,['+919422295082'],Maharashtra,,
Nikhil Medico,,2021-04-30 13:30:43.072,Nashik Contact's name is Anil Shete,Oxygen,['+919422749454'],Maharashtra,,
Harshita Gases,,2021-04-30 13:31:15.656,Jalgaon Not picking up,Oxygen,['+919422775792'],Maharashtra,,
Shriram Agencies,,2021-05-01 06:09:42.878,Dhule Not responding to calls or messages.,Oxygen,['+919422788259'],Maharashtra,,
Ahmednagar industrial Gases,,2021-04-26 09:50:40.064,Ahmednagar,Oxygen,['+919423160683'],Maharashtra,,
Surshil Gases,,2021-04-26 09:51:34.896,Aurangabad,Oxygen,['+919423782799'],Maharashtra,,
Rahman Foundation,23/04/2021 13:28,,Oxygen cylinders are available almost all the time.,Oxygen,['+919619928189'],Maharashtra,Mumbai,"Rahman founadation, Mumbai"
Raigad Gases-Mahendra Deshmukh,23-04-2034 15:43,,Can refill but cant provide cylinders,Oxygen,['+919623354243'],Maharashtra,Mumbai,
Akash Swami,,,It's number of Faizane Mufti-e-Azam Trust,Oxygen,['+919702552662'],Maharashtra,,
Everest Kanto Cylinder,,2021-04-26 09:53:31.326,Mumbai,Oxygen,['+919727739661'],Maharashtra,,
Hi Tech gases,,2021-04-26 09:53:57.275,Ahmednagar,Oxygen,['+919730345679'],Maharashtra,,
Sagar Gases Pvt. Ltd.,,2021-05-01 06:08:17.901,Aurangabad Not responding to calls or messages.,Oxygen,['+919764377999'],Maharashtra,,
Vikas Oxygen,,2021-04-28 07:03:43.408,Beed,Oxygen,['+919764558252'],Maharashtra,,
Airox technologies Pvt limited,,2021-04-26 09:56:40.237,"D-27, 4th Floor, Prozon Trade Center, API Corner, Chilkalthana, Aurangabad",Oxygen,['+919764634964'],Maharashtra,,
Nilesh Bhai,,2021-04-30 13:34:22.669,Mumbai and Thane Out of stock right now,Oxygen,['+919769461268'],Maharashtra,,
Olive Trust,23/04/2021 13:59,,,Oxygen,['+919819985860'],Maharashtra,Mumbai,Mumbai
Veer Foundation, ,,stock available,Oxygen,['+919820008686'],Maharashtra,Mumbai-Jogeshwari,Sanghani Estate
,23/04 12:40 PM,,"small cans available , only for emergency",Oxygen,['+919820217376'],Maharashtra,Mumbai,Vashi
Satramdas Air Products,,2021-04-26 09:57:37.864,"Rabale, Navi Mumbai",Oxygen,['+919820488641'],Maharashtra,,
Champalalji Jasrajji,,2021-04-27 16:19:53.451,Mumbai,Oxygen,['+919820759170'],Maharashtra,,
SR gases-Satyen Jethra/Hitesh Jethra, ,,stock available,Oxygen,['+919820985900'],Maharashtra,Mumbai-Ghatkopar West,
Veer Foundation, ,,stock available,Oxygen,['+919821010210'],Maharashtra,Mumbai-Mulund East,Chintamani Derasar
Ritesh,23/04 1:01 PM,,not revealing exact details,Oxygen,['+919821155754'],Maharashtra,Mumbai,NA ; na
Bharat Industrial Gases,,2021-04-28 06:27:41.961,Sangli,Oxygen,['+919822458445'],Maharashtra,,
Hariom Gas Industries,,2021-04-28 07:07:21.318,Beed,Oxygen,['+919822548618'],Maharashtra,,
Aditya Air Products,,2021-04-26 09:59:58.001,Nagpur,Oxygen,['+919822720066'],Maharashtra,,
Sandesh gases-Yogesh Sethia,23-04-2021 5:33:16 PM,,,Oxygen,['+919822947670'],Maharashtra,Icchalkaranji,
Essem Gases Pvt. Ltd.,,2021-04-26 10:00:24.150,Jalna,Oxygen,['+919823088673'],Maharashtra,,
Akash Swami,,,It's number of Faizane Mufti-e-Azam Trust,Oxygen,['+919833129121'],Maharashtra,,
,23/04/2021 2:12 PM,,Cylinders are refilled only.(currently available),Oxygen,['+919833536561'],Maharashtra,Mumbai,Navi Mumbai
Ravindra Oxygen Pvt. Ltd.,,2021-05-01 06:09:37.114,Nashik Not responding to calls or messages.,Oxygen,['+919860314400'],Maharashtra,,
Sadharam gas-Mohan Bajaj,23 Apr 3:59:29 PM,,Argon Gas Cylinders,Oxygen,['+919860399529'],Maharashtra,Nagpur,
Olive Trust,23/04/2021 14:06,,"Delivery available only from Andheri to Malad. 9819985860, 9819753674, 9619443362(work in this zone only, no other branches).",Oxygen,"['+919867118211', '+919819985860', '+919819753674', '+919619443362']",Maharashtra,Mumbai,Mumbai
Akash Swami,,,It's number of Faizane Mufti-e-Azam Trust,Oxygen,['+919867392794'],Maharashtra,,
Dr Shafeeque Ahmed,23/04/2021 14:23,,Stock currently available.,Oxygen,['+919867887866'],Maharashtra,Mumbai,"Survey no. 102, Next to Green Lawn, Near Kalsekar Hospital Main Gate, Kausa, Mumbra, Thane ; 400612"
Shripad oxygen cylinder,,2021-05-01 06:09:22.670,Nagpur Not responding to calls or messages.,Oxygen,['+919881200369'],Maharashtra,,
,23-04-2045 16:14,,They have stocks but asked not to call if you are not a patient.,Oxygen,['+919892005199'],Maharashtra,Mumbai,CBD Belapur
UDF NGO,,2021-04-30 13:22:51.727,"Mumbai ; Western Belt Free oxygen cylinders from Shahnawaz Sheikh Website: www.udf-ngo.com Email: udfcare@gmail.com Area: Malad, Mumbai",Oxygen,"['+919892012132', '+919892618113']",Maharashtra,,
,23-04-2046 16:25,,They provide small cans for home use only,Oxygen,['+919920424870'],Maharashtra,Mumbai,Kalyan
Rukmani Metals and Gases India (I LTD.),,2021-04-30 13:15:26.260,Aurangabad ,Oxygen,['+919922443055'],Maharashtra,,
Yogi,,2021-04-30 13:32:01.148,Free oxygen cylinders and oxygen refill in Nagpur. At the moment all available oxygen cylinders have been distributed but if anyone wants to refill an empty one that can be done free of cost ,Oxygen,['+919923226538'],Maharashtra,,
Speed oxygen_shailesh thakur, ,,,Oxygen,['+919923556483'],Maharashtra,Mumbai-Ghatkopar West,
Phoenix Industrial Gases Pvt. Ltd.,,2021-05-01 06:09:28.991,"Rabale, Navi Mumbai Not responding to calls or messages.",Oxygen,['+919930403747'],Maharashtra,,
,23/04/2021 12:34 PM,,Notes: Has Oxygen Beds,Hospital Beds,['+918109079346'],Maharashtra,Mumbai,"Manpur Hospital , Indore"
Mangala Hospital,23/04/2021 1:07 PM,,10-15 oxygen beds are available. All beds are oxygen beds. ; Notes: Has Oxygen Beds,Hospital Beds,['+919172815943'],Maharashtra,Mumbai,"bamandaya pada, Andheri East, Mumbai, Maharashtra  ; 400072"
SOBTI BROTHERS,23 Apr 5:27:46 PM,,Facility not available ; Medicine name: Remdesivir,Medicine,[],Maharashtra,Nashik,"SHOP NO. 54,55,56, 154,155,156SANDESH DAWA BAZAR, NEAR HAJ HOUSE,GANJIPETH, NAGPUR,NAGPUR,440002 ; 440002"
,23/04/2021 11:55 AM,,Medicine name: Remdesivir,Medicine,['+918023609999'],Maharashtra,Mumbai,"MS Ramaiah Memorial Hospital, Bangalore ; 560054"
,23/04 12:02 PM,,"Hospital name, Hospital Pharmacist name required ; Medicine name: Remdesivir",Medicine,['+917829980066'],Maharashtra,Pune,Mylan Remdesivir HelpDesk ; NA
,23/04 11:06 AM,,Medicine name: Remdesivir,Medicine,['+919325524365'],Maharashtra,Mumbai,D Vijay Distributer Mulund
ISHWAR AGENCIES,23-04-2021 5:05:12 PM,,Medicine name: Remdesivir,Medicine,['+919326865689'],Maharashtra,Byculla,"SHOP NO. SFH/B, 2ND FLOOR , PROPERTY NO. 627 (3)WARD NO.23, MAHAVIR
 PLAZA ,DAWA BAZAR,RALLIES PLOTS,AMRAVATI,444601 ; 444601"
SHRI SWAMI SAMARTH AGENCIES,23.04.2021 17:21:54,,doent supply directly to patients but to hospitals instead ; Medicine name: Remdesivir,Medicine,['+919371544000'],Maharashtra,Pune,"GALA NO 3 , JANAKI PLAZAGOLE COLONYNASHIK,NASHIK,422002 ; 422002"
SANTOSH MEDICAL STORES,23.04.2021 16:17:44,,not revealing stock but ready to help if you approach after sdm permits or if he knows hospital's name in which patient is admitted ; Medicine name: Remdesivir,Medicine,['+919730037702'],Maharashtra,Mumbai_Ghatkopar West,"SHOP NO 1,2,4 & 5UDGIRNEW NAGARPALIKA COMPLEX NANDED
 RD,UDGIR,413512 ; 413512"
Dr Sampreeth singh,23/04/2021 12:31 PM,,,Telehealth,['+919620636356'],Maharashtra,Mumbai,
Dr Apoorva s s,23/04/2021 12:30 PM,,,Telehealth,['+919686743231'],Maharashtra,Mumbai,
NA,23/04/2021 12:40:45 PM,,Medicine name: Tocilizumab,Medicine,[],Maharashtra,Mumbai,https://t.co/gKgfmi1SoZ?amp=1
Veer Foundation, ,,available,Oxygen,['+919321580108'],Nagaland,Dimapur,Simandhar Swami Jinalaya
Jubiliant,23/04 5:49:10 PM,,busy ; Medicine name: Remdesivir,Medicine,['+919819857718'],Punjab,Jalandhar,Vikas.bansi@jubl.com
MOHAMMED SALMAN GOURI,,2021-04-28 11:21:20.780,,Other,,Rajasthan,,
Kaka's Kitchen,,2021-04-27 13:42:40.376,Providing free food in all over Jaipur,Food,['+918890623133'],Rajasthan,,
Re clinics,23 April 14:49,,taking online appointment,Telehealth,['+9118003132911'],Rajasthan,Jaipur,taking online appointment
Dr Faiza Khan,23 April 17:44,,Available 24*7 days.and free of cost for covid cases,Telehealth,['+918291620985'],Rajasthan,Bharatpur,
Dr. Anand Bakre,23 April 17:14,,available from 4:30 PM to 9:00 PM. He is taking charges rs 500 per patient,Telehealth,['+918329783992'],Rajasthan,Jaipur,
Dr.Sumit Khupse,23 April 17:17,,available after 4 pm.through what's app,Telehealth,['+919130338154'],Rajasthan,Jaipur,
Dr.Pooja Dnyaneshwar Moje,23 April 17:49,,available from 11AM to 2 PM.she charge rs3000  per day,Telehealth,['+919322548635'],Rajasthan,Jaipur,
Dr. Prasad Kadasne,23 April 17:11,,he is dealing through whatsapp available all time,Telehealth,['+919503414869'],Rajasthan,Jaipur,
Dr. Nikita Rajkondawar,23 April 17:47,,available through phone calls from 4 to 9 PM.she charge rs 500 per patient,Telehealth,['+919552555677'],Rajasthan,Fatehpur,
"GRS Life Care, Madurai",23 April 4:58:02 PM,,they can arrange in 5-6 days ; Medicine name: Remdesivir,Medicine,['+919367526015'],Telangana,Hyderabad,"1st Floor, 159 G,Thalai Veethi 2 Cross Street,Aavin Nagar, Madurai,,Madurai,625020 ; 625020"
Keshav Mishra,,2021-04-26 16:58:57.087,,Hospital Beds,,West Bengal,,
Prabal Chaudhury,,2021-05-01 10:15:17.295,Refilling in Baghajatin area They'll test whether your cylinder works and is legally approved. Rate as per quantity. Kolkata south,Oxygen,['+919830083350'],West Bengal,,
Ausadhi Clinic,23-Apr-2021 2:55 PM,,Medicine name: Fabiflu,Medicine,['+916396856500'],West Bengal,"Kolkata,",NA
